model,brand_name,price,ram_capacity,internal_memory,screen_size,battery_capacity,processor_brand
OnePlus 11 5G,oneplus,54999,12.0,256.0,6.7,5000.0,snapdragon
OnePlus Nord CE 2 Lite 5G,oneplus,19989,6.0,128.0,6.59,5000.0,snapdragon
Samsung Galaxy A14 5G,samsung,16499,4.0,64.0,6.6,5000.0,exynos
Motorola Moto G62 5G,motorola,14999,6.0,128.0,6.55,5000.0,snapdragon
Realme 10 Pro Plus,realme,24999,6.0,128.0,6.7,5000.0,dimensity
Samsung Galaxy F23 5G (6GB RAM + 128GB),samsung,16999,6.0,128.0,6.6,5000.0,snapdragon
Apple iPhone 14,apple,65999,6.0,128.0,6.1,3279.0,bionic
Xiaomi Redmi Note 12 Pro Plus,xiaomi,29999,8.0,256.0,6.67,4980.0,dimensity
Nothing Phone 1,nothing,26749,8.0,128.0,6.55,4500.0,snapdragon
OnePlus Nord 2T 5G,oneplus,28999,8.0,128.0,6.43,4500.0,dimensity
Realme 10 Pro,realme,18999,6.0,128.0,6.72,5000.0,snapdragon
Oppo A78,oppo,18999,8.0,128.0,6.56,5000.0,dimensity
Xiaomi Redmi Note 12 Pro 5G,xiaomi,24762,6.0,128.0,6.67,5000.0,dimensity
Vivo T1 5G (6GB RAM + 128GB),vivo,16990,6.0,128.0,6.58,5000.0,snapdragon
Samsung Galaxy S23 Ultra 5G,samsung,114990,8.0,256.0,6.8,5000.0,snapdragon
Apple iPhone 13,apple,62999,4.0,128.0,6.1,3240.0,bionic
Vivo Y16,vivo,9999,3.0,32.0,6.51,5000.0,helio
OPPO Reno 9 Pro Plus,oppo,45999,16.0,256.0,6.7,4700.0,snapdragon
OnePlus 10R 5G,oneplus,32999,8.0,128.0,6.7,5000.0,dimensity
Vivo Y22,vivo,14499,4.0,64.0,6.55,5000.0,helio
OnePlus 11R,oneplus,39999,8.0,128.0,6.7,5000.0,snapdragon
Vivo V25 Pro 5G,vivo,35999,8.0,128.0,6.56,4830.0,dimensity
Poco X4 Pro 5G,poco,14999,6.0,64.0,6.67,5000.0,snapdragon
Xiaomi Redmi Note 12,xiaomi,17859,4.0,128.0,6.67,5000.0,snapdragon
Vivo V26 Pro,vivo,42990,12.0,256.0,6.7,4800.0,dimensity
Samsung Galaxy S20 FE 5G,samsung,31239,8.0,128.0,6.5,4500.0,snapdragon
OnePlus Nord CE 2 Lite 5G (8GB RAM + 128GB),oneplus,21995,8.0,128.0,6.59,5000.0,snapdragon
Apple iPhone 14 Pro Max,apple,129990,6.0,128.0,6.7,4323.0,bionic
Vivo V25 5G,vivo,27999,8.0,128.0,6.44,4500.0,dimensity
OnePlus 11 Pro,oneplus,69999,8.0,128.0,6.7,4500.0,snapdragon
Realme 10 Pro (8GB RAM + 128GB),realme,19999,8.0,128.0,6.72,5000.0,snapdragon
Poco X5 Pro,poco,20999,6.0,128.0,6.67,5000.0,snapdragon
Vivo V27,vivo,27990,8.0,256.0,6.56,4700.0,dimensity
Apple iPhone 11,apple,38999,4.0,64.0,6.1,3110.0,bionic
Samsung Galaxy M53 5G,samsung,23790,6.0,128.0,6.7,5000.0,dimensity
Samsung Galaxy S21 FE 5G,samsung,39999,8.0,128.0,6.4,4500.0,exynos
Oppo Reno 8T,oppo,29990,8.0,256.0,6.67,5000.0,snapdragon
Samsung Galaxy S22 Ultra 5G,samsung,91999,12.0,256.0,6.8,5000.0,snapdragon
Xiaomi Redmi Note 12 Pro Max 5G,xiaomi,32999,6.0,128.0,6.67,5200.0,snapdragon
OPPO Reno 9 5G,oppo,28499,8.0,256.0,6.7,4500.0,snapdragon
OnePlus Nord CE 3 5G,oneplus,21999,6.0,128.0,6.7,5000.0,snapdragon
Xiaomi Redmi Note 11 Pro Plus 5G,xiaomi,19999,6.0,128.0,6.67,5000.0,snapdragon
Motorola Edge 20 Fusion 5G,motorola,18999,6.0,128.0,6.67,5000.0,dimensity
Realme 10 Pro Plus (8GB RAM + 256GB),realme,27999,8.0,256.0,6.7,5000.0,dimensity
Vivo Y35,vivo,18499,8.0,128.0,6.58,5000.0,snapdragon
Samsung Galaxy M33 5G,samsung,17478,6.0,128.0,6.6,6000.0,exynos
Xiaomi Redmi Note 11,xiaomi,11936,4.0,64.0,6.43,5000.0,snapdragon
Realme C33,realme,8950,3.0,32.0,6.5,5000.0,unisoc
Vivo Y16 (4GB RAM + 64GB),vivo,12489,4.0,64.0,6.51,5000.0,helio
Samsung Galaxy A74 5G,samsung,42999,8.0,128.0,6.7,5000.0,snapdragon
Samsung Galaxy A14 5G (6GB RAM + 128GB),samsung,18999,6.0,128.0,6.6,5000.0,exynos
iQOO Neo 7 5G,iqoo,29999,8.0,128.0,6.78,5000.0,dimensity
Jio JioPhone 5G,jio,11990,4.0,32.0,6.5,5000.0,snapdragon
Motorola Moto G82 5G,motorola,18999,6.0,128.0,6.6,5000.0,snapdragon
Realme 10,realme,13999,4.0,64.0,6.4,5000.0,helio
Realme 9i 5G,realme,14965,4.0,64.0,6.6,5000.0,dimensity
Apple iPhone 14 Plus,apple,74999,6.0,128.0,6.7,4325.0,bionic
Xiaomi Redmi Note 10S,xiaomi,10999,6.0,64.0,6.43,5000.0,helio
Samsung Galaxy S23 Plus,samsung,84990,8.0,256.0,6.6,4700.0,snapdragon
Motorola Moto G32,motorola,10499,4.0,64.0,6.55,5000.0,snapdragon
Xiaomi Redmi Note 13 Pro 5G,xiaomi,17990,6.0,128.0,6.67,5000.0,dimensity
Vivo S16,vivo,29990,8.0,128.0,6.78,4600.0,snapdragon
Samsung Galaxy A23,samsung,18499,6.0,128.0,6.6,5000.0,snapdragon
Vivo Y22 (6GB RAM + 128GB),vivo,16499,6.0,128.0,6.55,5000.0,helio
Poco M4 Pro 5G (6GB RAM + 128GB),poco,14999,6.0,128.0,6.6,5000.0,dimensity
Vivo S16 Pro,vivo,35499,8.0,256.0,6.78,4600.0,dimensity
OnePlus 10 Pro 5G,oneplus,60999,8.0,128.0,6.7,5000.0,snapdragon
Xiaomi Redmi Note 12 Pro Plus (12GB RAM + 256GB),xiaomi,32999,12.0,256.0,6.67,4980.0,dimensity
Samsung Galaxy F23 5G,samsung,15999,4.0,128.0,6.6,5000.0,snapdragon
Oppo Find N Fold,oppo,99990,8.0,256.0,7.1,5000.0,snapdragon
OPPO A17K,oppo,9499,3.0,64.0,6.56,5000.0,helio
Vivo V23 5G (12GB RAM + 256GB),vivo,27994,12.0,256.0,6.44,4200.0,dimensity
iQOO Z6 Lite 5G,iqoo,13989,4.0,64.0,6.58,5000.0,snapdragon
OnePlus 10T,oneplus,44999,8.0,128.0,6.7,4800.0,snapdragon
Xiaomi Redmi Note 10T 5G (6GB RAM +128GB),xiaomi,13999,6.0,128.0,6.5,5000.0,dimensity
Gionee G13 Pro,gionee,6190,4.0,32.0,6.26,3500.0,tiger
Apple iPhone 13 Pro,apple,119900,6.0,128.0,6.1,3095.0,bionic
OPPO F22 Pro,oppo,27660,8.0,128.0,6.58,4800.0,snapdragon
Samsung Galaxy A34 5G,samsung,24999,6.0,128.0,6.5,5000.0,exynos
Xiaomi Redmi 10A (4GB RAM + 64GB),xiaomi,8388,4.0,64.0,6.53,5000.0,helio
Motorola Moto G72 4G,motorola,15999,6.0,128.0,6.55,5000.0,helio
Samsung Galaxy A14 5G (8GB RAM + 128GB),samsung,20999,8.0,128.0,6.6,5000.0,exynos
Realme 9 5G,realme,13999,4.0,64.0,6.5,5000.0,dimensity
Vivo T1 5G (8GB RAM + 128GB),vivo,19990,8.0,128.0,6.58,5000.0,snapdragon
Samsung Galaxy M13 5G,samsung,13999,6.0,128.0,6.5,5000.0,dimensity
Motorola Edge 30 5G,motorola,22999,6.0,128.0,6.5,4020.0,snapdragon
Samsung Galaxy A23 5G,samsung,22999,6.0,128.0,6.6,5000.0,snapdragon
OPPO K10 5G,oppo,16999,8.0,128.0,6.56,5000.0,dimensity
Xiaomi Redmi Note 11 (6GB RAM + 128GB),xiaomi,14290,6.0,128.0,6.43,5000.0,snapdragon
Samsung Galaxy A73 5G,samsung,41999,8.0,128.0,6.7,5000.0,snapdragon
Vivo Y21 2021,vivo,13489,4.0,64.0,6.51,5000.0,helio
OnePlus Ace Racing Edition 5G,oneplus,22990,8.0,128.0,6.59,5000.0,dimensity
Motorola Moto G62 (8GB RAM + 128GB),motorola,16499,8.0,128.0,6.55,5000.0,snapdragon
Vivo X90 Pro Plus 5G,vivo,73999,12.0,256.0,6.78,4700.0,snapdragon
Realme C33 (4GB RAM + 64GB),realme,9999,4.0,64.0,6.5,5000.0,unisoc
Realme 9i,realme,12499,4.0,64.0,6.6,5000.0,snapdragon
OPPO A17,oppo,12499,4.0,64.0,6.56,5000.0,helio
iQOO 11 5G,iqoo,59999,8.0,256.0,6.78,5000.0,snapdragon
Vivo X Fold 5G,vivo,106990,12.0,256.0,8.03,4600.0,snapdragon
Vivo T1 5G,vivo,15990,4.0,128.0,6.58,5000.0,snapdragon
Apple iPhone 14 Pro,apple,119990,6.0,128.0,6.1,3200.0,bionic
Xiaomi Redmi Note 11 Pro Max 5G,xiaomi,19999,6.0,128.0,6.67,5200.0,snapdragon
Motorola Moto S30 Pro,motorola,23990,8.0,128.0,6.55,4400.0,snapdragon
Realme 10s,realme,12999,8.0,128.0,6.6,5000.0,dimensity
OPPO F19 Pro Plus 5G,oppo,19990,8.0,128.0,6.43,4310.0,dimensity
Xiaomi 13 Pro 5G,xiaomi,58990,8.0,128.0,6.73,4820.0,snapdragon
Vivo V27 Pro,vivo,43999,12.0,256.0,6.73,5000.0,dimensity
Samsung Galaxy S22 5G,samsung,49999,8.0,128.0,6.1,3700.0,snapdragon
Vivo T1 44W (6GB RAM + 128GB),vivo,15999,6.0,128.0,6.44,5000.0,snapdragon
OnePlus 10R 5G (12GB RAM + 256GB),oneplus,36999,12.0,256.0,6.7,5000.0,dimensity
Tecno Phantom X2,tecno,39999,8.0,256.0,6.8,5160.0,dimensity
Apple iPhone 12,apple,51999,4.0,64.0,6.1,5000.0,bionic
Xiaomi Redmi K50i 5G,xiaomi,22999,6.0,128.0,6.6,5080.0,dimensity
Samsung Galaxy A53 5G,samsung,31999,6.0,128.0,6.5,5000.0,exynos
Xiaomi Redmi A1,xiaomi,6171,2.0,32.0,6.52,5000.0,helio
OPPO Reno8 5G,oppo,29340,8.0,128.0,6.43,4500.0,dimensity
Samsung Galaxy M53 5G (8GB RAM + 128GB),samsung,25289,8.0,128.0,6.7,5000.0,dimensity
iQOO Z6 Pro 5G,iqoo,21788,6.0,128.0,6.44,4700.0,snapdragon
Tesla Pi Phone,tesla,69999,16.0,512.0,6.73,5000.0,Unknown
Samsung Galaxy S23,samsung,70990,8.0,128.0,6.1,3900.0,snapdragon
Motorola Edge 30 Pro 5G,motorola,34999,8.0,128.0,6.7,4800.0,snapdragon
OnePlus Nord 2T (12GB RAM + 256GB),oneplus,33900,12.0,256.0,6.43,4500.0,dimensity
Google Pixel 6A,google,29999,6.0,128.0,6.14,4410.0,google
Infinix Note 12 Pro 5G,infinix,18999,8.0,128.0,6.7,5000.0,dimensity
Samsung Galaxy M33 5G (8GB RAM + 128GB),samsung,19499,8.0,128.0,6.6,6000.0,exynos
Vivo V23 5G,vivo,24994,8.0,128.0,6.44,4200.0,dimensity
Motorola Moto G42,motorola,10999,4.0,64.0,6.47,5000.0,snapdragon
OnePlus Nord CE 2 Lite 5G (8GB RAM + 256GB),oneplus,24999,8.0,256.0,6.59,5000.0,snapdragon
Samsung Galaxy A33 5G,samsung,25999,6.0,128.0,6.4,5000.0,exynos
Google Pixel 7A,google,34990,6.0,128.0,6.1,4410.0,google
Xiaomi Redmi 11 Prime 5G,xiaomi,13466,4.0,64.0,6.58,5000.0,dimensity
Xiaomi Redmi Note 10 Lite,xiaomi,9999,4.0,64.0,6.67,5020.0,snapdragon
Motorola Moto E40,motorola,7999,4.0,64.0,6.5,5000.0,tiger
Nothing Phone 1 (8GB RAM + 256GB),nothing,28249,8.0,256.0,6.55,4500.0,snapdragon
Poco X4 Pro 5G (6GB RAM + 128GB),poco,16499,6.0,128.0,6.67,5000.0,snapdragon
Xiaomi Redmi Note 11 Pro Plus 5G (8GB RAM + 256GB),xiaomi,22999,8.0,256.0,6.67,5000.0,snapdragon
Apple iPhone 11 (128GB),apple,46999,4.0,128.0,6.1,3110.0,bionic
Realme C35 (6GB RAM + 128GB),realme,13999,6.0,128.0,6.6,5000.0,tiger
OPPO K10,oppo,13490,6.0,128.0,6.59,5000.0,snapdragon
iQOO Neo 6 5G,iqoo,28999,8.0,128.0,6.62,4700.0,snapdragon
iQOO Z6 5G,iqoo,15499,4.0,128.0,6.58,5000.0,snapdragon
OPPO Reno 9 Pro 5G,oppo,39999,16.0,256.0,6.7,4500.0,dimensity
Poco M4 Pro 5G,poco,12999,4.0,64.0,6.6,5000.0,dimensity
Jio Phone 3,jio,4499,2.0,64.0,5.0,2800.0,Unknown
OnePlus Clover,oneplus,14999,4.0,64.0,6.52,6000.0,snapdragon
Samsung Galaxy F04,samsung,8499,4.0,64.0,6.5,5000.0,helio
iQOO 7,iqoo,24990,8.0,128.0,6.62,4400.0,snapdragon
Samsung Galaxy M34 5G,samsung,16999,6.0,128.0,6.5,6000.0,exynos
Xiaomi Redmi 10,xiaomi,9589,4.0,64.0,6.7,6000.0,snapdragon
Apple iPhone 12 Mini,apple,40999,4.0,64.0,5.4,5000.0,bionic
Xiaomi Redmi Note 12 (6GB RAM + 128GB),xiaomi,19988,6.0,128.0,6.67,5000.0,snapdragon
Motorola Moto G52,motorola,11999,4.0,64.0,6.6,5000.0,snapdragon
Apple iPhone 15 Pro Max,apple,142990,8.0,256.0,6.68,4352.0,bionic
Oppo A98,oppo,30990,8.0,128.0,6.7,5000.0,snapdragon
Infinix Zero 5G 2023,infinix,19499,8.0,256.0,6.78,5000.0,dimensity
Realme C30,realme,5299,2.0,32.0,6.5,5000.0,tiger
OPPO F21 Pro 5G,oppo,25969,8.0,128.0,6.43,4500.0,snapdragon
Realme 11 Pro,realme,28999,6.0,128.0,6.4,5000.0,snapdragon
Oppo Find N2 5G,oppo,94990,12.0,256.0,7.1,4520.0,snapdragon
Realme 9 4G,realme,14999,6.0,128.0,6.4,5000.0,snapdragon
Cola Phone,cola,14999,4.0,64.0,6.4,5000.0,helio
Apple iPhone 13 Pro Max,apple,129900,6.0,128.0,6.7,4352.0,bionic
Oppo Reno 10 Pro Plus,oppo,58990,12.0,256.0,6.73,4700.0,snapdragon
Vivo X90 5G,vivo,41990,8.0,128.0,6.78,4810.0,dimensity
Samsung Galaxy F13,samsung,10999,4.0,64.0,6.6,6000.0,exynos
Xiaomi Redmi Note 10S (6GB RAM + 128GB),xiaomi,11999,6.0,128.0,6.43,5000.0,helio
Realme 10 (8GB RAM + 128GB),realme,16999,8.0,128.0,6.4,5000.0,helio
iQOO 9 SE 5G,iqoo,30990,8.0,128.0,6.62,4500.0,snapdragon
Infinix Hot 20,infinix,17999,4.0,64.0,6.6,5000.0,dimensity
Letv Y1 Pro,letv,5499,4.0,32.0,6.54,4000.0,tiger
Xiaomi Redmi Note 13 Pro Max 5G,xiaomi,20499,6.0,128.0,6.67,5200.0,snapdragon
Realme Narzo 50 Pro 5G,realme,20490,6.0,128.0,6.4,5000.0,dimensity
OPPO A74 5G,oppo,15490,6.0,128.0,6.5,5000.0,snapdragon
Apple iPhone 9,apple,29990,3.0,64.0,4.7,2050.0,bionic
iQOO Z6 Lite (6GB RAM + 128GB),iqoo,15499,6.0,128.0,6.58,5000.0,snapdragon
Xiaomi Redmi Note 11SE,xiaomi,11999,6.0,64.0,6.43,5000.0,helio
Realme Narzo 50,realme,10999,4.0,64.0,6.6,5000.0,helio
Vivo Y75 5G,vivo,21990,8.0,128.0,6.58,5000.0,dimensity
Vivo V25 (12GB RAM + 256GB),vivo,31999,12.0,256.0,6.44,4500.0,dimensity
POCO M4 Pro 4G,poco,11999,6.0,64.0,6.43,5000.0,helio
Infinix Zero Ultra,infinix,36999,8.0,256.0,6.8,4500.0,dimensity
Tecno Spark Go 2023,tecno,6999,3.0,32.0,6.56,5000.0,helio
Motorola Moto X40,motorola,39999,8.0,128.0,6.7,4600.0,snapdragon
Samsung Galaxy F24 5G,samsung,14999,4.0,128.0,6.6,5000.0,snapdragon
Realme 10 5G,realme,14499,8.0,128.0,6.6,5000.0,dimensity
OnePlus Nord 3 5G,oneplus,27999,8.0,128.0,6.43,4200.0,dimensity
Motorola Moto G82 (8GB RAM + 128GB),motorola,20499,8.0,128.0,6.6,5000.0,snapdragon
iKall Z19 Pro,ikall,8099,4.0,64.0,6.5,5000.0,Unknown
LeEco S1 Pro,leeco,10999,8.0,128.0,6.5,5000.0,tiger
Realme C2s,realme,3499,3.0,32.0,6.1,4000.0,helio
Duoqin F22 Pro,duoqin,9990,4.0,64.0,3.54,2150.0,helio
Samsung Galaxy M54 5G,samsung,34999,6.0,128.0,6.67,6000.0,snapdragon
Nokia N73 5G,nokia,46999,12.0,256.0,6.9,6000.0,snapdragon
Motorola Edge 30 Fusion 5G,motorola,39999,8.0,128.0,6.55,4400.0,snapdragon
Realme C35,realme,11828,4.0,64.0,6.6,5000.0,tiger
OPPO Reno 8 Pro House of Dragon Edition,oppo,45999,12.0,256.0,6.7,4500.0,dimensity
OnePlus Nord CE 3 Lite 5G,oneplus,18999,6.0,128.0,6.59,5000.0,snapdragon
Poco X4 Pro 5G (8GB RAM + 128GB),poco,17999,8.0,128.0,6.67,5000.0,snapdragon
Samsung Galaxy M04,samsung,8499,4.0,64.0,6.5,5000.0,helio
OPPO A77s,oppo,17999,8.0,128.0,6.56,5000.0,snapdragon
Samsung Galaxy A13,samsung,14450,4.0,64.0,6.6,5000.0,Unknown
Motorola Edge 30 Ultra,motorola,54999,8.0,128.0,6.67,4610.0,snapdragon
Xiaomi 13 Ultra 5G,xiaomi,71999,12.0,256.0,6.6,5000.0,snapdragon
Motorola Moto G52 (6GB RAM + 128GB),motorola,12999,6.0,128.0,6.6,5000.0,snapdragon
Poco M4 5G,poco,11499,4.0,64.0,6.58,5000.0,dimensity
Nothing Phone 1 (12GB RAM + 256GB),nothing,35999,12.0,256.0,6.55,4500.0,snapdragon
Samsung Galaxy A54 5G,samsung,34999,6.0,128.0,6.4,5000.0,exynos
Tecno Pova 4,tecno,11999,8.0,128.0,6.82,6000.0,helio
Xiaomi Redmi Note 12 Pro (8GB RAM + 256GB),xiaomi,27994,8.0,256.0,6.67,5000.0,dimensity
Apple iPhone 14 Pro Max (256GB),apple,139990,6.0,256.0,6.7,4323.0,bionic
Vivo V25 Pro (12GB RAM + 256GB),vivo,39999,12.0,256.0,6.56,4830.0,dimensity
Realme 9 5G (6GB RAM + 128GB),realme,15499,6.0,128.0,6.5,5000.0,dimensity
Realme 9 Pro 5G,realme,18999,6.0,128.0,6.6,5000.0,snapdragon
Lava Blaze 5G,lava,10999,4.0,128.0,6.5,5000.0,dimensity
Honor X9a,honor,27999,8.0,256.0,6.67,5100.0,snapdragon
Google Pixel 7 Pro 5G,google,81999,12.0,128.0,6.7,5000.0,google
Tecno Pova 3,tecno,9999,4.0,64.0,6.95,7000.0,helio
Vivo V23 Pro 5G,vivo,31994,8.0,128.0,6.56,4300.0,dimensity
Samsung Galaxy A04e,samsung,9299,3.0,32.0,6.5,5000.0,helio
Xiaomi Redmi K60,xiaomi,29990,8.0,128.0,6.67,5500.0,snapdragon
Realme 9 Pro Plus 5G,realme,25900,6.0,128.0,6.4,4500.0,dimensity
Realme 9i 5G (6GB RAM + 128GB),realme,16999,6.0,128.0,6.6,5000.0,dimensity
Motorola Edge 30 5G (8GB RAM + 128GB),motorola,24999,8.0,128.0,6.5,4020.0,snapdragon
Xiaomi Redmi Note 11 (6GB RAM + 64GB),xiaomi,12188,6.0,64.0,6.43,5000.0,snapdragon
Vivo Y02,vivo,8999,3.0,32.0,6.51,5000.0,helio
POCO C31 (4GB RAM + 64GB),poco,7499,4.0,64.0,6.53,5000.0,helio
Realme Narzo 50 5G,realme,17999,6.0,128.0,6.6,5000.0,dimensity
Realme GT Neo 3T,realme,24999,6.0,128.0,6.62,5000.0,snapdragon
OPPO Reno 8 Pro 5G,oppo,45999,12.0,256.0,6.7,4500.0,dimensity
OnePlus 10 Pro 5G (12GB RAM + 256GB),oneplus,65499,12.0,256.0,6.7,5000.0,snapdragon
iQOO 11 Pro 5G,iqoo,58990,8.0,256.0,6.78,4700.0,snapdragon
Vivo T1x 4G,vivo,11999,4.0,64.0,6.58,5000.0,snapdragon
Xiaomi Redmi 10 Power,xiaomi,11999,8.0,128.0,6.7,6000.0,snapdragon
OPPO A58,oppo,18990,6.0,128.0,6.56,5000.0,dimensity
Vivo T1 44W,vivo,14499,4.0,128.0,6.44,5000.0,snapdragon
Xiaomi Mix Fold 2 5G,xiaomi,106990,12.0,256.0,8.02,4500.0,snapdragon
Vivo Y16 (3GB RAM + 64GB),vivo,10499,3.0,64.0,6.51,5000.0,helio
OPPO Reno 8 Z,oppo,26990,8.0,256.0,6.43,4500.0,snapdragon
Vivo Y75 4G,vivo,19990,8.0,128.0,6.44,4050.0,helio
Xiaomi Redmi Note 12 Explorer,xiaomi,24999,8.0,256.0,6.67,4300.0,dimensity
OPPO A57 4G (4GB RAM + 64 GB),oppo,13969,4.0,64.0,6.56,5000.0,helio
Samsung Galaxy A75 5G,samsung,44999,8.0,128.0,6.7,5000.0,snapdragon
Vivo T1 Pro 5G (8GB RAM + 128GB),vivo,24999,8.0,128.0,6.44,4700.0,snapdragon
Google Pixel 7 5G,google,53100,8.0,128.0,6.3,4355.0,google
Xiaomi Redmi Note 11T 5G (6GB RAM + 128GB),xiaomi,16999,6.0,128.0,6.6,5000.0,dimensity
OPPO F21s Pro 4G,oppo,21899,8.0,128.0,6.43,4500.0,snapdragon
Apple iPhone 14 (256GB),apple,75999,6.0,256.0,6.1,3279.0,bionic
Motorola Moto G73,motorola,25999,8.0,256.0,6.5,5000.0,dimensity
Nubia Red Magic 8 Pro 5G,nubia,46990,8.0,128.0,6.8,6000.0,snapdragon
Motorola Moto G31,motorola,9999,4.0,64.0,6.47,5000.0,helio
Tecno Phantom X2 Pro,tecno,49999,12.0,256.0,6.8,5160.0,dimensity
Infinix Zero 20,infinix,17999,8.0,128.0,6.7,4500.0,helio
iQOO Z6 5G (6GB RAM + 128GB),iqoo,16940,6.0,128.0,6.58,5000.0,snapdragon
Xiaomi Redmi Note 11 Pro 5G,xiaomi,17990,6.0,64.0,6.67,5000.0,snapdragon
OPPO A1 Pro,oppo,20990,8.0,128.0,6.7,4800.0,snapdragon
Samsung Galaxy S22 FE 5G,samsung,51999,8.0,128.0,6.4,4200.0,exynos
Samsung Galaxy S22 Plus 5G,samsung,64449,8.0,128.0,6.6,4500.0,snapdragon
Vivo U3x,vivo,8990,6.0,64.0,6.58,5000.0,snapdragon
Motorola Moto G23,motorola,19999,4.0,128.0,6.5,5000.0,helio
Poco M4 5G (6GB RAM + 128GB),poco,13499,6.0,128.0,6.58,5000.0,dimensity
Tecno Pova 5G,tecno,15499,8.0,128.0,6.9,6000.0,dimensity
POCO C31,poco,6499,3.0,32.0,6.53,5000.0,helio
Apple iPhone XR2,apple,71999,4.0,64.0,6.1,3060.0,bionic
Samsung Galaxy A53 (8GB RAM + 256GB),samsung,36499,8.0,256.0,6.5,5000.0,exynos
Infinix Note 12 5G,infinix,15999,6.0,64.0,6.7,5000.0,dimensity
OPPO Reno7 Pro 5G,oppo,31994,12.0,256.0,6.55,4500.0,dimensity
OnePlus Ace 2,oneplus,34999,8.0,128.0,6.7,5000.0,snapdragon
Redmi Note 11 Pro 2023,redmi,18999,6.0,128.0,6.67,5000.0,snapdragon
Nothing Phone 2,nothing,39990,8.0,128.0,6.67,4700.0,snapdragon
Samsung Galaxy A32 (8GB RAM + 128GB),samsung,16499,8.0,128.0,6.4,5000.0,helio
Google Pixel 6 Pro,google,54300,12.0,128.0,6.71,5003.0,google
Infinix Note 12i (2022),infinix,9999,4.0,64.0,6.7,5000.0,helio
Xiaomi Redmi 11 Prime 5G (6GB RAM + 128GB),xiaomi,15990,6.0,128.0,6.58,5000.0,dimensity
Xiaomi Redmi Note 11 Pro Plus 5G (8GB RAM + 128GB),xiaomi,22700,8.0,128.0,6.67,5000.0,snapdragon
Xiaomi 12 Pro 5G,xiaomi,50990,8.0,256.0,6.73,4600.0,snapdragon
Apple iPhone 13 Mini,apple,64900,4.0,128.0,5.4,2438.0,bionic
Tecno Pova 3 (6GB RAM + 128GB),tecno,13799,6.0,128.0,6.9,7000.0,helio
Realme C31 (4GB RAM + 64GB),realme,8999,4.0,64.0,6.52,5000.0,tiger
Asus ROG Phone 6 Pro 5G,asus,89999,18.0,512.0,6.78,6000.0,snapdragon
Vivo V23e 5G,vivo,21994,8.0,128.0,6.44,4050.0,dimensity
Apple iPhone 14 Mini,apple,69990,6.0,128.0,5.42,3500.0,bionic
Xiaomi Redmi Note 10T 5G,xiaomi,12999,4.0,64.0,6.5,5000.0,dimensity
iQOO Neo 7 SE 5G,iqoo,24990,8.0,128.0,6.78,5000.0,dimensity
Samsung Galaxy A23 (8GB RAM + 128GB),samsung,19990,8.0,128.0,6.6,5000.0,snapdragon
Xiaomi Redmi Note 12 Pro (8GB RAM + 128GB),xiaomi,26999,8.0,128.0,6.67,5000.0,dimensity
Xiaomi Redmi Note 12 Turbo,xiaomi,19999,8.0,128.0,6.67,5000.0,snapdragon
Infinix Note 12 Pro,infinix,16900,8.0,256.0,6.7,5000.0,helio
Infinix Hot 20 (6GB RAM+ 128GB),infinix,19999,6.0,128.0,6.6,5000.0,dimensity
Apple iPhone 14 Pro Max (1TB),apple,182999,6.0,1024.0,6.7,4323.0,bionic
Samsung Galaxy M13,samsung,12999,6.0,128.0,6.6,6000.0,exynos
Poco M4 Pro 5G (8GB RAM + 128GB),poco,15999,8.0,128.0,6.6,5000.0,dimensity
Xiaomi Redmi Note 10S (8GB RAM + 128GB),xiaomi,13999,8.0,128.0,6.43,5000.0,helio
Realme C11 2021 (4GB RAM + 64GB),realme,7749,4.0,64.0,6.52,5000.0,sc9863a
Samsung Galaxy A23 5G (8GB RAM + 128GB),samsung,24999,8.0,128.0,6.6,5000.0,snapdragon
Motorola Edge 30 Ultra (12GB RAM + 256GB),motorola,59999,12.0,256.0,6.67,4610.0,snapdragon
OPPO F21s Pro,oppo,25895,8.0,128.0,6.43,4500.0,snapdragon
Xiaomi 13 5G,xiaomi,46990,8.0,128.0,6.36,4500.0,snapdragon
Xiaomi Redmi 10A,xiaomi,7499,3.0,32.0,6.53,5000.0,helio
Vivo Y01A,vivo,7790,2.0,32.0,6.51,5000.0,helio
Xiaomi Redmi K50i (8GB RAM + 256GB),xiaomi,25999,8.0,256.0,6.6,5080.0,dimensity
Realme C30 (3GB RAM + 32GB),realme,6299,3.0,32.0,6.5,5000.0,tiger
Motorola Moto G51 5G,motorola,12999,4.0,64.0,6.8,5000.0,snapdragon
Xiaomi Redmi 10 (6GB RAM + 128GB),xiaomi,11999,6.0,128.0,6.7,6000.0,snapdragon
Xiaomi Mi 11 Lite NE 5G,xiaomi,21890,6.0,128.0,6.55,4250.0,snapdragon
Samsung Galaxy Z Flip 3,samsung,69999,8.0,128.0,6.7,3300.0,snapdragon
Apple iPhone 12 (128GB),apple,55999,4.0,128.0,6.1,5000.0,bionic
OnePlus 10T (16GB RAM + 256GB),oneplus,55999,16.0,256.0,6.7,4800.0,snapdragon
Samsung Galaxy A13 (4GB RAM + 128GB),samsung,14999,4.0,128.0,6.6,5000.0,Unknown
OPPO Reno7 5G,oppo,25994,8.0,256.0,6.43,4500.0,dimensity
OnePlus 9RT 5G,oneplus,42999,8.0,128.0,6.62,4500.0,snapdragon
Samsung Galaxy A53 5G (8GB RAM + 128GB),samsung,33499,8.0,128.0,6.5,5000.0,exynos
Samsung Galaxy S22 Ultra 5G (12GB RAM + 512GB),samsung,118999,12.0,512.0,6.8,5000.0,snapdragon
Motorola Moto G71 5G,motorola,16999,6.0,128.0,6.4,5000.0,snapdragon
itel S16 Pro,itel,6990,2.0,32.0,6.6,4000.0,Unknown
Vivo Y100,vivo,29990,8.0,128.0,6.0,5000.0,dimensity
Samsung Galaxy M13 5G (4GB RAM + 64GB),samsung,12944,4.0,64.0,6.5,5000.0,dimensity
POCO X5 GT,poco,29990,8.0,128.0,6.7,5000.0,dimensity
Honor X9 5G,honor,16999,8.0,128.0,6.81,4800.0,snapdragon
iQOO 11 (16GB RAM + 256GB),iqoo,64999,16.0,256.0,6.78,5000.0,snapdragon
Samsung Galaxy Z Fold 4,samsung,154998,12.0,256.0,7.6,4400.0,snapdragon
Royole FlexPai 2,royole,109999,8.0,128.0,7.8,4450.0,snapdragon
Apple iPhone 14 Plus (256GB),apple,84999,6.0,256.0,6.7,4325.0,bionic
Samsung Galaxy A33 5G (8GB RAM + 128GB),samsung,27499,8.0,128.0,6.4,5000.0,exynos
Tecno Spark 9,tecno,8999,6.0,128.0,6.6,5000.0,helio
Google Pixel 6,google,40480,8.0,128.0,6.4,4614.0,google
Xiaomi Redmi Note 10 Pro (6GB RAM + 128GB),xiaomi,17999,6.0,128.0,6.67,5020.0,snapdragon
Samsung Galaxy S21 Ultra,samsung,105999,12.0,256.0,6.8,5000.0,exynos
Infinix Hot 20 Play,infinix,8999,4.0,64.0,6.82,6000.0,helio
Vivo T1x (6GB RAM + 128GB),vivo,14999,6.0,128.0,6.58,5000.0,snapdragon
OPPO F23 Pro,oppo,19990,8.0,128.0,6.5,4500.0,snapdragon
iQOO Z6 Pro 5G (8GB RAM + 128GB),iqoo,23399,8.0,128.0,6.44,4700.0,snapdragon
Samsung Galaxy A73 5G (8GB RAM + 256GB),samsung,41990,8.0,256.0,6.7,5000.0,snapdragon
Realme 9 5G SE (8GB RAM + 128GB),realme,22998,8.0,128.0,6.6,5000.0,snapdragon
Poco F4 5G,poco,25999,6.0,128.0,6.67,4500.0,snapdragon
Infinix Note 12,infinix,11700,4.0,64.0,6.7,5000.0,helio
Samsung Galaxy A03 Core,samsung,6499,2.0,32.0,6.5,5000.0,unisoc
Motorola Moto G60,motorola,15999,6.0,128.0,6.78,6000.0,snapdragon
OnePlus 9 Pro,oneplus,64800,8.0,128.0,6.7,4500.0,snapdragon
Xiaomi Redmi Note 11S,xiaomi,14590,6.0,64.0,6.43,5000.0,helio
Xiaomi Redmi 9 Activ,xiaomi,7499,4.0,64.0,6.53,5000.0,helio
Tecno Camon 19 Pro 5G,tecno,21999,8.0,128.0,6.8,5000.0,dimensity
Samsung Galaxy A04,samsung,11999,4.0,64.0,6.5,5000.0,helio
POCO M4 Pro 4G (6GB RAM + 128GB),poco,12999,6.0,128.0,6.43,5000.0,helio
OnePlus Nord N20 5G,oneplus,20990,6.0,128.0,6.43,4500.0,snapdragon
Apple iPhone 13 (256GB),apple,72999,4.0,256.0,6.1,3240.0,bionic
Oppo Find X6 Pro,oppo,77990,12.0,256.0,6.78,4700.0,snapdragon
Vivo X90 Pro 5G,vivo,56999,8.0,256.0,6.78,4870.0,dimensity
Motorola Moto G53,motorola,21999,4.0,128.0,6.5,5000.0,snapdragon
Motorola Moto G22,motorola,9499,4.0,64.0,6.53,5000.0,helio
Xiaomi Redmi 9i Sport,xiaomi,7499,4.0,64.0,6.53,5000.0,helio
Jio JioPhone Next,jio,4649,2.0,32.0,5.45,3500.0,snapdragon
Vivo Y93,vivo,18000,4.0,32.0,6.2,4030.0,helio
Xiaomi Redmi K60 Pro,xiaomi,38999,8.0,128.0,6.67,5000.0,snapdragon
Realme C30s,realme,7145,2.0,32.0,6.5,5000.0,unisoc
Vivo Y22s,vivo,14990,8.0,128.0,6.55,5000.0,snapdragon
OPPO A77,oppo,15499,4.0,64.0,6.56,5000.0,helio
Xiaomi Redmi 10A Sport,xiaomi,9999,6.0,128.0,6.53,5000.0,helio
Poco F4 (12GB RAM + 256GB),poco,29999,12.0,256.0,6.67,4500.0,snapdragon
Realme 9 4G (8GB RAM + 128GB),realme,15999,8.0,128.0,6.4,5000.0,snapdragon
Xiaomi 12T Pro 5G,xiaomi,59990,8.0,128.0,6.67,5000.0,snapdragon
iQOO 9 5G,iqoo,34990,8.0,128.0,6.56,4350.0,snapdragon
Apple iPhone 12 Mini (128GB),apple,45999,4.0,128.0,5.4,5000.0,bionic
Samsung Galaxy S24 Ultra,samsung,119990,12.0,256.0,6.83,5100.0,snapdragon
OPPO Find N Flip,oppo,89990,8.0,128.0,6.8,4300.0,dimensity
OnePlus 10T (12GB RAM + 256GB),oneplus,50999,12.0,256.0,6.7,4800.0,snapdragon
Tecno Spark 9 (4GB RAM + 64GB),tecno,7999,4.0,64.0,6.6,5000.0,helio
Samsung Galaxy S21 FE 5G (8GB RAM + 256GB),samsung,43999,8.0,256.0,6.4,4500.0,exynos
Xiaomi Redmi Note 11T 5G (8GB RAM + 128GB),xiaomi,18499,8.0,128.0,6.6,5000.0,dimensity
Sony Xperia Pro-I,sony,134999,12.0,512.0,6.5,4500.0,snapdragon
Vivo V21 Pro,vivo,32999,8.0,128.0,6.44,4300.0,snapdragon
Poco X3,poco,13499,6.0,64.0,6.67,6000.0,snapdragon
Samsung Galaxy S20 FE,samsung,35489,8.0,128.0,6.5,4500.0,exynos
Google Pixel 4,google,20120,6.0,64.0,5.7,2800.0,snapdragon
Samsung Galaxy S10 Plus,samsung,42999,8.0,128.0,6.4,4100.0,exynos
Realme 11 Pro Plus,realme,24999,6.0,128.0,6.4,4200.0,dimensity
OPPO F21 Pro 4G,oppo,20999,8.0,128.0,6.5,4500.0,snapdragon
Realme GT 2 5G,realme,28994,8.0,128.0,6.62,5000.0,snapdragon
Samsung Galaxy S21,samsung,48900,8.0,128.0,6.2,4000.0,exynos
Samsung Galaxy A71,samsung,22494,8.0,128.0,6.7,4500.0,snapdragon
Vivo Y02s,vivo,8990,3.0,32.0,6.51,5000.0,helio
Letv Y2 Pro,letv,6999,4.0,32.0,6.5,4000.0,unisoc
Tecno Spark 8C (4GB RAM + 64GB),tecno,8890,4.0,64.0,6.6,5000.0,unisoc
iQOO Z6 5G (8GB RAM + 128GB),iqoo,18498,8.0,128.0,6.58,5000.0,snapdragon
Vivo T1 Pro,vivo,23999,6.0,128.0,6.44,4700.0,snapdragon
Realme 9 Pro Plus 5G (8GB RAM + 128GB),realme,22994,8.0,128.0,6.4,4500.0,dimensity
Samsung Galaxy A04s,samsung,12990,4.0,64.0,6.5,5000.0,exynos
Realme 9i (6GB RAM + 128GB),realme,14999,6.0,128.0,6.6,5000.0,snapdragon
Realme 8 5G (8GB RAM + 128GB),realme,18499,8.0,128.0,6.5,5000.0,dimensity
OPPO F19,oppo,14990,6.0,128.0,6.4,5000.0,snapdragon
OPPO Find N2 Flip,oppo,70990,8.0,256.0,6.8,4300.0,dimensity
Samsung Galaxy M32 Prime Edition,samsung,12120,4.0,64.0,6.4,6000.0,helio
Oukitel WP19,oukitel,29990,8.0,256.0,6.78,21000.0,helio
Realme 9 Pro 5G (8GB RAM + 128GB),realme,20999,8.0,128.0,6.6,5000.0,snapdragon
Xiaomi Redmi Note 10 Lite (6GB RAM + 128GB),xiaomi,11999,6.0,128.0,6.67,5020.0,snapdragon
Samsung Galaxy A13 5G,samsung,17990,4.0,64.0,6.5,5000.0,dimensity
Xiaomi Redmi Note 11 5G,xiaomi,14990,4.0,128.0,6.6,5000.0,dimensity
itel P36,itel,6490,1.0,16.0,6.5,5000.0,spreadtrum
Realme GT Neo 5,realme,34999,8.0,128.0,6.7,4600.0,snapdragon
Apple iPhone 15 Ultra,apple,149900,8.0,128.0,6.73,4700.0,bionic
Poco C50,poco,6499,2.0,32.0,6.52,5000.0,helio
Samsung Galaxy Note 30 Ultra 5G,samsung,104999,12.0,256.0,6.71,4500.0,snapdragon
Realme 9i (4GB RAM + 128GB),realme,13999,4.0,128.0,6.6,5000.0,snapdragon
Xiaomi Redmi Note 11T 5G,xiaomi,16999,6.0,64.0,6.6,5000.0,dimensity
Vivo X80 Pro 5G,vivo,79999,12.0,256.0,6.78,4700.0,snapdragon
OPPO Reno 6 Pro 5G,oppo,36760,12.0,256.0,6.55,4500.0,dimensity
Xiaomi Mi 11i 5G,xiaomi,23499,6.0,128.0,6.67,5160.0,dimensity
Asus ROG Phone 7,asus,75990,18.0,256.0,6.8,6000.0,snapdragon
Oppo A77 5G,oppo,21990,6.0,128.0,6.56,5000.0,snapdragon
Realme 9 5G SE,realme,18999,6.0,128.0,6.6,5000.0,snapdragon
Samsung Galaxy A03,samsung,7249,3.0,32.0,6.5,5000.0,unisoc
OnePlus Nord N200,oneplus,16990,4.0,64.0,6.49,5000.0,snapdragon
Xiaomi Mi 11X,xiaomi,23890,6.0,128.0,6.67,4520.0,snapdragon
OPPO Reno 6,oppo,26380,8.0,128.0,6.43,4300.0,dimensity
Realme X50 Pro 5G (12GB RAM + 256GB),realme,27999,12.0,256.0,6.44,4200.0,snapdragon
Xiaomi Redmi 10A (6GB RAM + 128GB),xiaomi,10850,6.0,128.0,6.53,5000.0,helio
Redmi Note 12 Pro Speed Edition,redmi,19999,6.0,128.0,6.67,5000.0,snapdragon
Apple iPhone 14 Pro (256GB),apple,129990,6.0,256.0,6.1,3200.0,bionic
Motorola Moto G72,motorola,19990,6.0,128.0,6.5,5000.0,snapdragon
Motorola Moto X30 Pro,motorola,41990,8.0,128.0,6.67,4450.0,snapdragon
Xiaomi 12S Ultra,xiaomi,69990,8.0,256.0,6.73,4860.0,snapdragon
Honor 70 5G,honor,39990,12.0,512.0,6.67,4800.0,snapdragon
OnePlus 10 Pro 5G (12GB RAM + 512GB),oneplus,74999,12.0,512.0,6.7,5000.0,snapdragon
Vivo V23 Pro 5G (12GB RAM + 256GB),vivo,36994,12.0,256.0,6.56,4300.0,dimensity
OPPO A55 4G (6GB RAM + 128GB),oppo,14700,6.0,128.0,6.51,5000.0,helio
Xiaomi Mi 11T Pro 5G,xiaomi,34990,8.0,128.0,6.67,5000.0,snapdragon
Nokia X50 5G,nokia,34999,6.0,64.0,6.81,6000.0,snapdragon
Xiaomi Redmi Note 10,xiaomi,13990,4.0,64.0,6.43,5000.0,snapdragon
Vertu Signature Touch,vertu,650000,2.0,64.0,4.7,2275.0,snapdragon
Samsung Galaxy M32 Prime Edition (6GB RAM + 128GB),samsung,14859,6.0,128.0,6.4,6000.0,helio
Tecno Camon 19 Pro Mondrian Edition,tecno,17999,8.0,128.0,6.8,5000.0,helio
Poco F5,poco,34990,8.0,128.0,6.7,4700.0,snapdragon
BLU F91 5G,blu,14990,8.0,128.0,6.8,5000.0,dimensity
OPPO A16e,oppo,8999,3.0,32.0,6.52,4230.0,helio
Motorola Moto E32,motorola,8999,4.0,64.0,6.5,5000.0,helio
Xiaomi Redmi Note 11S (8GB RAM + 128GB),xiaomi,15824,8.0,128.0,6.43,5000.0,helio
Apple iPhone SE 3 2022,apple,43900,4.0,64.0,4.7,5000.0,bionic
Samsung Galaxy A52 (8GB RAM + 128GB),samsung,22494,8.0,128.0,6.5,4500.0,snapdragon
Poco X3 Pro,poco,19650,6.0,128.0,6.67,5160.0,snapdragon
Xiaomi Redmi 9A,xiaomi,6999,2.0,32.0,6.53,5000.0,helio
Samsung Galaxy A32,samsung,16499,6.0,128.0,6.4,5000.0,helio
Motorola Moto G13,motorola,15999,4.0,128.0,6.5,5000.0,helio
Asus ROG Phone 6 Batman Edition,asus,72999,16.0,256.0,6.78,6000.0,dimensity
Xiaomi Redmi Note 12 Pro Plus (6GB RAM + 128GB),xiaomi,26999,6.0,128.0,6.67,4980.0,dimensity
Infinix Smart 6 HD,infinix,6999,2.0,32.0,6.6,5000.0,helio
Apple iPhone 15 Pro,apple,130990,8.0,128.0,6.06,5000.0,bionic
Realme C35 (4GB RAM + 128GB),realme,12787,4.0,128.0,6.6,5000.0,tiger
Infinix Hot 12,infinix,9999,4.0,64.0,6.82,6000.0,helio
Vivo X80 5G,vivo,54999,8.0,128.0,6.78,4500.0,dimensity
Vivo Y53s,vivo,15490,8.0,128.0,6.58,5000.0,helio
Tecno Phantom X,tecno,25999,8.0,256.0,6.7,4700.0,helio
Samsung Galaxy M04 (4GB RAM + 128GB),samsung,9499,4.0,128.0,6.5,5000.0,helio
Redmi 12C,redmi,7999,4.0,64.0,6.71,5000.0,helio
Asus ZenFone 9,asus,63990,8.0,128.0,5.9,4300.0,snapdragon
Sony Xperia L5 5G,sony,15990,4.0,64.0,6.2,4000.0,helio
iQOO 9 SE 5G (12GB RAM + 256GB),iqoo,34949,12.0,256.0,6.62,4500.0,snapdragon
Tecno Spark 8 Pro,tecno,8799,4.0,64.0,6.8,5000.0,helio
Xiaomi Redmi 10 Prime,xiaomi,12390,4.0,64.0,6.5,6000.0,helio
Samsung Galaxy F22,samsung,11499,4.0,64.0,6.4,6000.0,helio
Xiaomi Mi Mix Alpha,xiaomi,199990,12.0,512.0,7.92,4050.0,snapdragon
OPPO Reno 10 Pro,oppo,42990,16.0,256.0,6.73,5000.0,dimensity
Nubia Z50,nubia,34999,8.0,128.0,6.67,5000.0,snapdragon
Samsung Galaxy F13 (4GB RAM + 128GB),samsung,11999,4.0,128.0,6.6,6000.0,exynos
Nokia G11 Plus,nokia,10499,4.0,64.0,6.52,5000.0,unisoc
Infinix Hot 12 Play,infinix,8910,4.0,64.0,6.82,6000.0,tiger
Vivo T2 5G,vivo,24990,8.0,128.0,6.62,4700.0,snapdragon
OPPO Reno7 Z 5G,oppo,17999,8.0,128.0,6.43,4500.0,snapdragon
Xiaomi Mi 11 Lite NE 5G (8GB RAM + 128GB),xiaomi,22999,8.0,128.0,6.55,4250.0,snapdragon
Realme Narzo 50i,realme,6490,2.0,32.0,6.5,5000.0,unisoc
Infinix Zero X Pro,infinix,21990,8.0,128.0,6.67,4500.0,helio
Samsung Galaxy M32,samsung,12364,4.0,64.0,6.4,6000.0,helio
Samsung Galaxy A82 5G,samsung,39990,6.0,128.0,6.71,4500.0,snapdragon
Xiaomi Poco F1,xiaomi,11999,6.0,64.0,6.18,4000.0,snapdragon
Vivo Y25,vivo,7499,1.0,16.0,4.5,1900.0,helio
Lyf Earth 1,lyf,3990,3.0,32.0,5.5,3500.0,snapdragon
Motorola Moto E13,motorola,10499,2.0,64.0,6.5,5000.0,tiger
Tecno Pop 6 Pro,tecno,6299,2.0,32.0,6.56,5000.0,helio
Itel A24 Pro,itel,5990,2.0,32.0,5.0,3020.0,unisoc
Vivo X Fold Plus,vivo,113990,12.0,256.0,8.03,4730.0,snapdragon
Huawei Mate 50 RS Porsche Design,huawei,239999,12.0,512.0,6.74,4700.0,snapdragon
Samsung Galaxy F63,samsung,21999,6.0,128.0,6.7,7000.0,dimensity
iQOO Z6 4G (6GB RAM + 128GB),iqoo,15999,6.0,128.0,6.44,5000.0,snapdragon
Sony Xperia 5 II,sony,69990,8.0,128.0,6.1,4000.0,snapdragon
Vivo Y3 (4GB RAM + 128GB),vivo,12990,4.0,128.0,6.35,5000.0,helio
Sony Xperia 1 IV (12GB RAM + 512GB),sony,92980,12.0,512.0,6.5,5000.0,snapdragon
Tecno Pova 4 Pro,tecno,15999,8.0,256.0,6.66,6000.0,helio
Huawei Nova 10 SE,huawei,23999,8.0,256.0,6.67,4500.0,snapdragon
Vivo T1x (4GB RAM + 128GB),vivo,12999,4.0,128.0,6.58,5000.0,snapdragon
Nubia Red Magic 7S Pro,nubia,60990,12.0,256.0,6.8,5000.0,snapdragon
Motorola Moto E32s (4GB RAM + 64GB),motorola,8859,4.0,64.0,6.5,5000.0,helio
iQOO Neo 6 5G (12GB RAM + 256GB),iqoo,33749,12.0,256.0,6.62,4700.0,snapdragon
Samsung Galaxy A15,samsung,15990,6.0,64.0,6.5,5000.0,Unknown
POCO X4 GT 5G,poco,24990,8.0,128.0,6.6,5080.0,dimensity
Realme Narzo 50 5G (4GB RAM + 128GB),realme,14999,4.0,128.0,6.6,5000.0,dimensity
Vivo Y77 5G,vivo,17990,6.0,128.0,6.64,4500.0,dimensity
Honor 60 SE 5G,honor,24990,8.0,128.0,6.67,4300.0,dimensity
Xiaomi Redmi 11 Prime,xiaomi,11600,4.0,64.0,6.58,5000.0,helio
Realme C31,realme,8299,3.0,32.0,6.52,5000.0,tiger
Motorola Moto G31 (6GB RAM+ 128GB),motorola,11999,6.0,128.0,6.47,5000.0,helio
Samsung Galaxy Z Flip 4 5G,samsung,89999,8.0,128.0,6.7,3700.0,snapdragon
OnePlus 6 (8GB RAM + 128GB),oneplus,27999,8.0,128.0,6.28,3300.0,snapdragon
Google Pixel 2 XL,google,15990,4.0,128.0,6.0,3520.0,snapdragon
Xiaomi Redmi A1 Plus,xiaomi,7289,2.0,32.0,6.52,5000.0,helio
Honor 70 5G (8GB RAM + 256GB),honor,30990,8.0,256.0,6.67,4800.0,snapdragon
Realme Narzo 50 (6GB RAM + 128GB),realme,15499,6.0,128.0,6.6,5000.0,helio
Vivo Y15s,vivo,8499,3.0,32.0,6.51,5000.0,helio
Samsung Galaxy M32 (6GB RAM + 128GB),samsung,14490,6.0,128.0,6.4,6000.0,helio
Samsung Galaxy F42 5G,samsung,15490,6.0,128.0,6.6,5000.0,dimensity
Realme Q5 5G,realme,14990,6.0,128.0,6.6,5000.0,snapdragon
POCO M3 Pro 5G,poco,15999,4.0,64.0,6.5,5000.0,dimensity
Google Pixel 5,google,36000,8.0,128.0,6.0,4080.0,snapdragon
OnePlus 12 Pro,oneplus,69999,12.0,256.0,6.73,4800.0,snapdragon
Xiaomi Redmi Note 12 Discovery Edition,xiaomi,26990,8.0,256.0,6.67,4300.0,dimensity
Samsung Galaxy M13 (4GB RAM + 64GB),samsung,10630,4.0,64.0,6.6,6000.0,exynos
Oppo Reno 8 Pro (8GB RAM + 256GB),oppo,42990,8.0,256.0,6.7,4500.0,dimensity
Vivo Y78 5G,vivo,24990,8.0,128.0,6.58,4500.0,dimensity
iQOO Z6 4G,iqoo,14489,4.0,128.0,6.44,5000.0,snapdragon
OPPO A76,oppo,16490,6.0,128.0,6.56,5000.0,snapdragon
Realme 9 Pro Plus 5G (8GB RAM + 256GB),realme,24494,8.0,256.0,6.4,4500.0,dimensity
Vivo Y01,vivo,7999,2.0,32.0,6.51,5000.0,helio
Motorola Moto Edge S30 5G,motorola,23990,6.0,128.0,6.8,5000.0,snapdragon
Realme GT 2 Pro 5G,realme,49959,8.0,128.0,6.7,5000.0,snapdragon
Apple iPhone 13 Pro (256GB),apple,129900,6.0,256.0,6.1,3095.0,bionic
Vivo Y73 2021,vivo,19990,8.0,128.0,6.44,4000.0,helio
Samsung Galaxy F14,samsung,14990,4.0,64.0,6.62,5000.0,Unknown
Vivo V20,vivo,23269,8.0,128.0,6.44,4000.0,snapdragon
Xiaomi Redmi Note 9 Pro,xiaomi,13999,4.0,64.0,6.67,5020.0,snapdragon
OnePlus 10R Prime Edition,oneplus,35389,8.0,128.0,6.7,5000.0,dimensity
Google Pixel 6 Pro (12GB RAM + 256GB),google,79700,12.0,256.0,6.71,5003.0,google
Nokia C31,nokia,9499,3.0,32.0,6.74,5050.0,unisoc
Infinix Hot 12 Pro (8GB RAM+ 128GB),infinix,12340,8.0,128.0,6.6,5000.0,tiger
Poco M5,poco,10799,4.0,64.0,6.58,5000.0,helio
Xiaomi Redmi 10C (4GB RAM + 128GB),xiaomi,14990,4.0,128.0,6.7,6000.0,snapdragon
ZTE Axon 40 Ultra 5G,zte,61990,8.0,128.0,6.8,5000.0,snapdragon
Xiaomi 12 Pro 5G (12GB RAM + 256GB),xiaomi,51880,12.0,256.0,6.73,4600.0,snapdragon
OPPO K10 (8GB RAM + 128GB),oppo,16990,8.0,128.0,6.59,5000.0,snapdragon
Huawei Nova 9 SE,huawei,19990,8.0,128.0,6.78,4000.0,snapdragon
Samsung Galaxy S22 5G (8GB RAM + 256GB),samsung,57999,8.0,256.0,6.1,3700.0,snapdragon
Lenovo Legion Y90,lenovo,46990,12.0,256.0,6.92,5600.0,snapdragon
Vivo Y55 5G,vivo,20990,4.0,128.0,6.58,5000.0,dimensity
Nokia X100 5G,nokia,17990,6.0,128.0,6.67,4470.0,snapdragon
Realme 8s 5G (8GB RAM + 128GB),realme,17499,8.0,128.0,6.5,5000.0,dimensity
Realme 8s 5G,realme,17999,6.0,128.0,6.5,5000.0,dimensity
Nokia X60 Pro 5G,nokia,49990,8.0,128.0,6.51,6000.0,snapdragon
Poco X5,poco,14999,4.0,128.0,6.67,5000.0,snapdragon
Xiaomi Redmi Note 10 Pro Max (6GB RAM + 128GB),xiaomi,19980,6.0,128.0,6.67,5020.0,snapdragon
iQOO 7 (12GB RAM + 256GB),iqoo,35990,12.0,256.0,6.62,4400.0,snapdragon
Realme 8,realme,15999,4.0,128.0,6.4,5000.0,helio
Samsung Galaxy S20,samsung,41999,8.0,128.0,6.2,4000.0,exynos
Xiaomi Redmi K60E,xiaomi,25999,8.0,128.0,6.67,5500.0,dimensity
Motorola Moto E32s,motorola,7990,3.0,32.0,6.5,5000.0,helio
OnePlus Nord 3T 5G,oneplus,29990,8.0,128.0,6.43,4500.0,dimensity
OPPO F23 Pro Plus 5G,oppo,27990,8.0,128.0,6.43,4500.0,snapdragon
Poco F5 Pro,poco,29999,8.0,128.0,6.67,5500.0,snapdragon
OPPO A16e (4GB RAM + 64GB),oppo,8999,4.0,64.0,6.52,4230.0,helio
POCO M4 Pro 4G (8GB RAM + 128GB),poco,13999,8.0,128.0,6.43,5000.0,helio
Realme Narzo 50A,realme,11499,4.0,64.0,6.5,6000.0,helio
Asus ROG Phone 5s 5G,asus,39999,8.0,128.0,6.78,6000.0,snapdragon
Realme GT Master Edition 5G,realme,27999,8.0,128.0,6.43,4300.0,snapdragon
Samsung Galaxy A32 5G,samsung,24499,6.0,128.0,6.5,5000.0,dimensity
Nubia Red Magic 8 Pro Plus,nubia,60999,12.0,256.0,6.8,5000.0,snapdragon
Samsung Galaxy Z Fold 3,samsung,110999,12.0,256.0,7.6,4400.0,snapdragon
LG Wing 5G,lg,54999,8.0,128.0,6.8,4000.0,snapdragon
Xiaomi Redmi Note 9 Pro Max,xiaomi,16490,6.0,64.0,6.67,5020.0,snapdragon
Samsung Galaxy A52,samsung,24990,6.0,128.0,6.5,4500.0,snapdragon
Vivo Y71,vivo,25000,3.0,16.0,6.0,3360.0,snapdragon
Samsung Galaxy A04e (3GB RAM + 64GB),samsung,9950,3.0,64.0,6.5,5000.0,helio
Oppo A56s,oppo,12999,8.0,128.0,6.56,5000.0,dimensity
Oppo Reno 8T 4G,oppo,19999,8.0,256.0,6.67,5000.0,helio
OPPO Reno 10,oppo,32999,8.0,256.0,6.73,5000.0,snapdragon
Nokia G60,nokia,28498,6.0,128.0,6.58,4500.0,snapdragon
OPPO A77 (4GB RAM + 128 GB),oppo,15998,4.0,128.0,6.56,5000.0,helio
Motorola Edge 40 Pro 5G,motorola,59990,8.0,128.0,6.7,4800.0,snapdragon
Oppo K10x 5G,oppo,16990,6.0,128.0,6.59,5000.0,snapdragon
iQOO Z6 Pro 5G (12GB RAM + 256GB),iqoo,27999,12.0,256.0,6.44,4700.0,snapdragon
Nokia G21 (6GB RAM + 128GB),nokia,13499,6.0,128.0,6.5,5050.0,unisoc
Samsung Galaxy A13 (6GB RAM + 128GB),samsung,16499,6.0,128.0,6.6,5000.0,Unknown
OPPO A16K (4GB RAM + 64GB),oppo,10999,4.0,64.0,6.52,4230.0,helio
Xiaomi Redmi 10C,xiaomi,13990,4.0,64.0,6.7,6000.0,snapdragon
Tecno Spark 9 Pro,tecno,9999,4.0,64.0,6.6,5000.0,helio
Realme GT Neo 3 5G,realme,31994,8.0,128.0,6.7,5000.0,dimensity
Xiaomi 11i HyperCharge 5G,xiaomi,24820,6.0,128.0,6.67,4500.0,dimensity
iQOO Neo 6 SE 5G,iqoo,22990,8.0,128.0,6.62,4700.0,snapdragon
iQOO 9 Pro 5G,iqoo,59990,8.0,256.0,6.78,4700.0,snapdragon
Realme Narzo 50i (4GB RAM + 64GB),realme,8999,4.0,64.0,6.5,5000.0,unisoc
Xiaomi Redmi 9 Activ (6GB RAM + 128GB),xiaomi,10499,6.0,128.0,6.53,5000.0,helio
Jio JioPhone Next (3GB RAM + 32GB),jio,7499,3.0,32.0,5.5,3000.0,snapdragon
Xiaomi Redmi Note 8 2021,xiaomi,9990,4.0,64.0,6.3,4000.0,helio
Xiaomi Redmi Note 10 5G,xiaomi,12490,4.0,128.0,6.5,5000.0,dimensity
Vivo Y20G,vivo,13990,4.0,64.0,6.51,5000.0,helio
Samsung Galaxy A22 5G,samsung,17990,6.0,128.0,6.6,5000.0,dimensity
Vivo V21,vivo,24999,8.0,128.0,6.44,4000.0,dimensity
Realme 7 Pro (8GB RAM + 128GB),realme,21999,8.0,128.0,6.4,4500.0,snapdragon
OnePlus Nord Lite,oneplus,19999,8.0,128.0,6.55,4300.0,snapdragon
Samsung Galaxy S20 Ultra 5G,samsung,99999,12.0,128.0,6.9,5000.0,exynos
Apple iPhone 11 Pro Max,apple,109900,4.0,64.0,6.5,3500.0,bionic
Apple iPhone 7s,apple,52990,3.0,32.0,4.7,2230.0,fusion
Sony Xperia Ace IV,sony,19990,8.0,128.0,6.5,5000.0,snapdragon
Samsung Galaxy A04e (4GB RAM + 128GB),samsung,11499,4.0,128.0,6.5,5000.0,helio
Xiaomi Redmi Note 12 4G,xiaomi,13999,4.0,64.0,6.67,5000.0,helio
Oukitel WP21,oukitel,22990,12.0,256.0,6.78,9800.0,helio
Vivo V28,vivo,28990,8.0,256.0,6.7,5000.0,snapdragon
Poco F4 5G (8GB RAM + 128GB),poco,27999,8.0,128.0,6.67,4500.0,snapdragon
Xiaomi Redmi Note 11T Pro 5G,xiaomi,19990,6.0,128.0,6.6,5080.0,dimensity
Realme Narzo 50 Pro 5G (8GB RAM + 128GB),realme,22999,8.0,128.0,6.4,5000.0,dimensity
Vivo T1 44W (8GB RAM + 128GB),vivo,17999,8.0,128.0,6.44,5000.0,snapdragon
Xiaomi Redmi Note 11S (6GB RAM + 128GB),xiaomi,15499,6.0,128.0,6.43,5000.0,helio
Lava Agni 5G,lava,17990,8.0,128.0,6.78,5000.0,dimensity
Realme 8i (6GB RAM + 128GB),realme,13999,6.0,128.0,6.6,5000.0,helio
OPPO A55 4G,oppo,13499,4.0,64.0,6.51,5000.0,helio
POCO M3 Pro 5G (6GB RAM + 128GB),poco,14799,6.0,128.0,6.5,5000.0,dimensity
Realme C21Y,realme,6999,3.0,32.0,6.5,5000.0,unisoc
OPPO A16,oppo,11999,4.0,64.0,6.52,5000.0,helio
Vivo V21 5G,vivo,23994,8.0,128.0,6.44,4000.0,dimensity
Apple iPhone 12 Pro (512GB),apple,139900,6.0,512.0,6.1,5000.0,bionic
Sony Xperia 1 II,sony,69999,8.0,256.0,6.5,4000.0,snapdragon
Motorola Edge Plus,motorola,57999,12.0,256.0,6.7,5000.0,snapdragon
Samsung Galaxy Note 20,samsung,86000,8.0,256.0,6.7,4300.0,exynos
Samsung Galaxy A12,samsung,11999,4.0,64.0,6.5,5000.0,helio
Xiaomi Redmi Note 12 Pro 4G,xiaomi,14999,6.0,128.0,6.67,5000.0,snapdragon
Realme GT Neo 3T (8GB RAM + 128GB),realme,26499,8.0,128.0,6.62,5000.0,snapdragon
Realme C30s (4GB RAM + 64GB),realme,8990,4.0,64.0,6.5,5000.0,unisoc
Apple iPhone 14 (512GB),apple,95999,6.0,512.0,6.1,3279.0,bionic
iQOO 9T 5G,iqoo,47990,8.0,128.0,6.78,4700.0,snapdragon
Tecno Camon 19 Pro,tecno,17990,8.0,128.0,6.8,5000.0,helio
OnePlus Nord 2 Lite 5G,oneplus,22999,8.0,128.0,6.59,5000.0,snapdragon
Samsung Galaxy S22 Ultra 5G (8GB RAM + 128GB),samsung,99990,8.0,128.0,6.8,5000.0,snapdragon
POCO F4 GT 5G,poco,39999,8.0,128.0,6.67,4700.0,snapdragon
Xiaomi 11T Pro 5G (12GB RAM + 256GB),xiaomi,38999,12.0,256.0,6.67,5000.0,snapdragon
Vivo Y10,vivo,12490,4.0,128.0,6.51,5000.0,helio
Samsung Galaxy A83 5G,samsung,39990,6.0,128.0,6.71,4500.0,snapdragon
Vivo Y33s,vivo,16685,8.0,128.0,6.58,5000.0,helio
Huawei Mate 40 Pro 4G,huawei,69990,8.0,128.0,6.76,4400.0,kirin
Micromax IN 2B,micromax,6999,4.0,64.0,6.52,5000.0,unisoc
Asus ROG Phone 6,asus,71999,12.0,256.0,6.78,6000.0,snapdragon
Realme X7 Max,realme,26999,8.0,128.0,6.43,4500.0,dimensity
Realme 8 5G,realme,16499,4.0,128.0,6.5,5000.0,dimensity
OPPO A55 5G,oppo,17990,6.0,128.0,6.5,5000.0,dimensity
Xiaomi Redmi 9,xiaomi,8999,4.0,64.0,6.53,5000.0,helio
Apple iPhone SE 2020,apple,39900,3.0,64.0,4.7,1821.0,bionic
Letv Y1 Pro Plus,letv,5999,6.0,64.0,6.5,4000.0,tiger
OnePlus Nord 5,oneplus,34999,8.0,128.0,6.57,5000.0,dimensity
Vivo Y73T,vivo,16990,8.0,128.0,6.58,6000.0,dimensity
OPPO Reno 9 Z,oppo,22990,8.0,128.0,6.58,4800.0,snapdragon
Vivo V25e,vivo,19990,8.0,256.0,6.44,4500.0,helio
Infinix Hot 12 Pro,infinix,10850,6.0,64.0,6.6,5000.0,tiger
Realme Narzo 50 5G (4GB RAM + 64GB),realme,13499,4.0,64.0,6.6,5000.0,dimensity
itel Vision 3,itel,6699,3.0,64.0,6.6,5000.0,unisoc
OPPO A96 4G,oppo,17999,8.0,128.0,6.59,5000.0,snapdragon
Xiaomi Redmi Note 11E 5G,xiaomi,13990,4.0,128.0,6.58,5000.0,dimensity
Honor Magic 4 Pro Plus 5G,honor,94990,12.0,512.0,6.76,4600.0,snapdragon
Tecno Spark 9T,tecno,8968,4.0,64.0,6.6,5000.0,helio
Infinix Smart 6,infinix,7320,2.0,64.0,6.6,5000.0,helio
Realme C25Y (4GB RAM + 64GB),realme,8999,4.0,64.0,6.5,5000.0,tiger
Samsung Galaxy A12 (6GB RAM + 128GB),samsung,13999,6.0,128.0,6.5,5000.0,helio
Tecno Camon 19,tecno,14746,6.0,128.0,6.8,5000.0,helio
Xiaomi Redmi Note 10 Pro 5G,xiaomi,16999,6.0,128.0,6.6,5000.0,dimensity
Xiaomi Mi 11X 5G (8GB RAM + 128GB),xiaomi,25990,8.0,128.0,6.67,4520.0,snapdragon
Xiaomi Redmi Note 10 (6GB RAM + 128GB),xiaomi,16499,6.0,128.0,6.43,5000.0,snapdragon
Xiaomi Redmi Note 10 Pro Max,xiaomi,19999,6.0,64.0,6.67,5020.0,snapdragon
Xiaomi Mi 10T 5G,xiaomi,23500,6.0,128.0,6.67,5000.0,snapdragon
LG Velvet 5G,lg,54999,6.0,128.0,6.8,4300.0,snapdragon
Motorola One Fusion Plus,motorola,19499,6.0,128.0,6.5,5000.0,snapdragon
LG V60 ThinQ,lg,79990,8.0,128.0,6.8,5000.0,snapdragon
Samsung Galaxy Note 10 Lite,samsung,39999,6.0,128.0,6.7,4500.0,exynos
Samsung Galaxy Note 10 Plus 5G,samsung,92999,12.0,256.0,6.8,4300.0,exynos
iQOO Neo 7 Racing Edition,iqoo,32990,8.0,256.0,6.78,5000.0,snapdragon
Samsung Galaxy A04s (4GB RAM + 128GB),samsung,14499,4.0,128.0,6.5,5000.0,exynos
Vivo Y35 5G,vivo,13999,4.0,128.0,6.51,5000.0,dimensity
Vivo Y02 (2GB RAM + 32GB),vivo,7999,2.0,32.0,6.51,5000.0,helio
itel Vision 3 (2GB RAM + 32GB),itel,5785,2.0,32.0,6.6,5000.0,unisoc
Xiaomi Redmi Note 11R,xiaomi,12990,4.0,128.0,6.58,5000.0,dimensity
Poco M6 Pro,poco,19990,8.0,128.0,6.73,5100.0,dimensity
OPPO A97 5G,oppo,23990,12.0,256.0,6.56,5000.0,dimensity
Samsung Galaxy A24,samsung,17999,6.0,64.0,6.4,4000.0,exynos
Infinix Note 13 Pro,infinix,16999,6.0,128.0,6.91,5000.0,helio
Honor Play 30,honor,9999,4.0,128.0,6.5,5000.0,snapdragon
Infinix Smart 6 Plus,infinix,8299,3.0,64.0,6.82,5000.0,helio
Sony Xperia 5 IV 5G,sony,82199,8.0,256.0,6.1,5000.0,snapdragon
Nubia Z40 Pro 5G,nubia,49990,8.0,128.0,6.67,5000.0,snapdragon
Nokia G21,nokia,11999,4.0,64.0,6.5,5050.0,unisoc
Xiaomi 12 Lite 5G,xiaomi,29990,6.0,128.0,6.55,4300.0,snapdragon
Oppo Find N 5G,oppo,92249,8.0,256.0,7.1,4500.0,snapdragon
Apple iPhone 13 Pro Max (256GB),apple,139900,6.0,256.0,6.7,4352.0,bionic
Vivo Y21s,vivo,14990,4.0,128.0,6.51,5000.0,helio
OPPO F19s,oppo,15988,6.0,128.0,6.43,5000.0,snapdragon
Samsung Galaxy M21 2021,samsung,11725,4.0,64.0,6.4,6000.0,exynos
OPPO F19 Pro,oppo,17994,8.0,128.0,6.43,4310.0,helio
OPPO X 2021,oppo,134999,8.0,256.0,7.4,4000.0,snapdragon
OnePlus Nord N10,oneplus,25595,6.0,128.0,6.49,4300.0,snapdragon
Gionee M12 Pro,gionee,7499,6.0,128.0,6.2,4000.0,helio
Poco M2,poco,10890,6.0,64.0,6.53,5000.0,helio
OPPO F17 Pro,oppo,18990,8.0,128.0,6.43,4015.0,helio
Motorola Moto G 5G,motorola,19990,6.0,128.0,6.67,5000.0,snapdragon
Samsung Galaxy A50s,samsung,15990,4.0,128.0,6.4,4000.0,exynos
Samsung Galaxy Note 10 Plus,samsung,58999,12.0,256.0,6.8,4300.0,exynos
Vivo Y15,vivo,12500,4.0,64.0,6.35,5000.0,helio
Vivo S1 Pro,vivo,29999,8.0,128.0,6.38,4500.0,snapdragon
Vivo T3 Pro,vivo,31990,8.0,256.0,6.67,4700.0,snapdragon
Vivo V21s,vivo,29999,8.0,128.0,6.44,4000.0,dimensity
Asus ROG Phone 6D Ultimate,asus,107990,16.0,512.0,6.78,6000.0,dimensity
Motorola Moto Edge 30 Neo,motorola,31990,8.0,128.0,6.28,4020.0,snapdragon
Xiaomi 12T,xiaomi,48990,8.0,128.0,6.67,5000.0,dimensity
Huawei Mate 50 Pro 5G,huawei,99990,8.0,256.0,6.76,4500.0,kirin
Realme C32,realme,9499,4.0,64.0,6.52,5000.0,tiger
Huawei Mate Xs 2,huawei,162990,8.0,512.0,7.8,4600.0,snapdragon
iQOO Z7 Pro 5G,iqoo,24999,6.0,128.0,6.62,5000.0,snapdragon
Apple iPhone 15,apple,82990,6.0,128.0,6.06,3285.0,bionic
Infinix Note 11S (8GB RAM + 128GB),infinix,15999,8.0,128.0,6.95,5000.0,helio
Tecno Spark 8 (4GB RAM + 64GB),tecno,8999,4.0,64.0,6.52,5000.0,helio
Oppo A56 5G,oppo,17990,6.0,128.0,6.5,5000.0,dimensity
Vivo X80 Pro Plus 5G,vivo,82990,12.0,256.0,6.78,4500.0,snapdragon
Xiaomi Redmi 10 Prime (6GB RAM + 128GB),xiaomi,12999,6.0,128.0,6.5,6000.0,helio
Huawei Nova 9,huawei,29990,8.0,128.0,6.57,4300.0,snapdragon
Tecno Pop 5 Go,tecno,6999,1.0,16.0,6.1,4000.0,spreadtrum
Huawei P50 Pro 4G,huawei,60999,8.0,256.0,6.6,4360.0,snapdragon
Xiaomi Redmi K50 5G,xiaomi,27990,8.0,128.0,6.67,5500.0,dimensity
Nokia C01 Plus,nokia,5249,2.0,16.0,5.45,3000.0,unisoc
Realme Q3,realme,14999,6.0,128.0,6.5,5000.0,snapdragon
OPPO Reno 6 Pro Plus 5G,oppo,44990,8.0,128.0,6.55,4500.0,snapdragon
Motorola Edge S,motorola,22490,6.0,128.0,6.7,5000.0,snapdragon
Oppo Find X3 Pro,oppo,50990,12.0,256.0,6.7,4500.0,snapdragon
Poco M3,poco,11499,6.0,64.0,6.53,6000.0,snapdragon
itel S16,itel,5990,1.0,16.0,6.5,4000.0,unisoc
Vivo V20 Pro,vivo,27000,8.0,128.0,6.44,4000.0,snapdragon
Xiaomi Mi 10T Pro 5G,xiaomi,29999,8.0,128.0,6.67,5000.0,snapdragon
Vivo V19 (8GB RAM + 256GB),vivo,27990,8.0,256.0,6.44,4500.0,snapdragon
Samsung Galaxy S20 5G,samsung,74999,8.0,128.0,6.2,4000.0,exynos
Vivo U3,vivo,9990,4.0,64.0,6.53,5000.0,snapdragon
Oppo K5 (8GB RAM + 128GB),oppo,19990,8.0,128.0,6.4,4000.0,snapdragon
Realme XT,realme,13279,4.0,64.0,6.4,4000.0,snapdragon
Vivo Y12 (3GB RAM + 64GB),vivo,11000,3.0,64.0,6.35,5000.0,helio
Xiaomi Poco F1 (6GB RAM + 128GB),xiaomi,12999,6.0,128.0,6.18,4000.0,snapdragon
Poco C50 (3GB RAM + 32GB),poco,7299,3.0,32.0,6.52,5000.0,helio
iKall Z19,ikall,7999,4.0,32.0,6.5,5000.0,Unknown
Xiaomi Redmi K60 Gaming Edition,xiaomi,54990,8.0,128.0,6.73,5000.0,snapdragon
Vivo S17 Pro,vivo,49990,12.0,256.0,6.67,5000.0,dimensity
Honor 80 Pro Plus,honor,54990,12.0,256.0,6.78,4500.0,snapdragon
Apple iPhone SE 4,apple,49990,4.0,64.0,6.1,5000.0,bionic
Tecno Pova Neo 5G,tecno,15499,4.0,128.0,6.8,6000.0,dimensity
Apple iPhone 14 Pro Max (512GB),apple,169900,6.0,512.0,6.7,4323.0,bionic
Google Pixel 8,google,53990,8.0,128.0,6.6,4830.0,google
Vivo T2x 5G,vivo,18990,8.0,128.0,6.58,6000.0,dimensity
Motorola Moto G52 5G,motorola,16999,4.0,64.0,6.6,5000.0,snapdragon
Motorola Edge 40 5G,motorola,34999,8.0,128.0,6.5,4200.0,snapdragon
Vivo X Note 5G (12GB RAM + 512GB),vivo,82990,12.0,512.0,7.0,5000.0,snapdragon
Realme GT 2 Pro 5G (12GB RAM + 256GB),realme,46999,12.0,256.0,6.7,5000.0,snapdragon
Vivo Y15C,vivo,8499,3.0,32.0,6.51,5000.0,helio
Honor X8,honor,16999,6.0,128.0,6.7,4000.0,snapdragon
Samsung Galaxy A03 (4GB RAM + 64GB),samsung,11499,4.0,64.0,6.5,5000.0,unisoc
Samsung Galaxy S22 Plus 5G (8GB RAM + 256GB),samsung,88999,8.0,256.0,6.6,4500.0,snapdragon
Vivo Y33T,vivo,15990,8.0,128.0,6.58,5000.0,snapdragon
Xiaomi 11i 5G (8GB RAM + 128GB),xiaomi,24990,8.0,128.0,6.67,5160.0,dimensity
Oppo Find X5 Pro 5G,oppo,79990,8.0,256.0,6.7,5000.0,snapdragon
Tecno Spark Go 2022,tecno,6249,2.0,32.0,6.51,5000.0,Unknown
Vivo Y21e,vivo,12499,3.0,64.0,6.51,5000.0,snapdragon
Xiaomi Redmi 9A Sport,xiaomi,6499,2.0,32.0,6.53,5000.0,helio
Apple iPhone 13 Pro Max (1TB),apple,179900,6.0,1024.0,6.7,4352.0,bionic
Vivo Y12G (3GB RAM + 64GB),vivo,11990,3.0,64.0,6.51,5000.0,snapdragon
Vivo V23e,vivo,26990,8.0,128.0,6.44,4050.0,helio
Samsung Galaxy F22 (6GB RAM + 128GB),samsung,13499,6.0,128.0,6.4,6000.0,helio
Xiaomi 12 Ultra 5G,xiaomi,75999,12.0,256.0,6.73,4800.0,snapdragon
Micromax IN 2C,micromax,5999,3.0,32.0,6.52,5000.0,tiger
Samsung Galaxy A03s,samsung,8499,3.0,32.0,6.5,5000.0,helio
OPPO A54 (4GB RAM + 128GB),oppo,11990,4.0,128.0,6.51,5000.0,helio
Xiaomi Redmi 20X,xiaomi,10990,4.0,128.0,6.43,5000.0,dimensity
Xiaomi Mi Mix Fold,xiaomi,109990,12.0,256.0,8.01,5020.0,snapdragon
Realme Narzo 30 5G,realme,16999,6.0,128.0,6.5,5000.0,dimensity
OPPO A54,oppo,12199,4.0,64.0,6.51,5000.0,helio
Oppo A15s (4GB RAM + 128GB),oppo,11490,4.0,128.0,6.52,4230.0,helio
itel A56,itel,5490,1.0,16.0,6.0,4000.0,Unknown
Xiaomi Redmi 9 Power,xiaomi,11499,4.0,64.0,6.53,6000.0,snapdragon
Samsung Galaxy S21 Plus,samsung,59450,8.0,128.0,6.7,4800.0,exynos
POCO M2 Pro,poco,12799,4.0,64.0,6.67,5000.0,snapdragon
Samsung Galaxy S20 Plus,samsung,83000,8.0,128.0,6.7,4500.0,exynos
Realme 6 Pro,realme,14490,6.0,64.0,6.6,4300.0,snapdragon
Huawei P40 Pro,huawei,82990,8.0,256.0,6.58,4200.0,kirin
Vivo Y11 (2019),vivo,9490,3.0,32.0,6.35,5000.0,snapdragon
Vivo V15 Pro (8GB RAM +128GB),vivo,25000,8.0,128.0,6.39,3700.0,snapdragon
Vivo Y95,vivo,15000,4.0,64.0,6.22,4030.0,snapdragon
Vivo V11i,vivo,20990,4.0,128.0,6.3,3315.0,helio
Samsung Galaxy S9 Plus (128GB),samsung,34999,6.0,128.0,6.2,3500.0,exynos
Realme GT Neo 4T,realme,29999,8.0,128.0,6.73,5000.0,snapdragon
Vivo Y53t,vivo,11999,4.0,128.0,6.51,6000.0,dimensity
Samsung Galaxy A04 (4GB RAM + 128GB),samsung,12999,4.0,128.0,6.5,5000.0,helio
Leitz Phone 2,leitz,124990,12.0,256.0,6.6,5000.0,snapdragon
Xiaomi Redmi K60i,xiaomi,28999,8.0,128.0,6.67,5080.0,dimensity
Infinix Hot 20S,infinix,12999,8.0,128.0,6.78,5000.0,helio
Realme GT Neo 3T (8GB RAM + 256GB),realme,28499,8.0,256.0,6.62,5000.0,snapdragon
Apple iPhone 14 Plus (512GB),apple,104999,6.0,512.0,6.7,4325.0,bionic
Apple iPhone 14 Pro (1TB),apple,172999,6.0,1024.0,6.1,3200.0,bionic
Xiaomi Redmi 13 Prime 5G,xiaomi,17990,6.0,128.0,6.73,5100.0,snapdragon
Xiaomi Redmi 11 Prime (6GB RAM + 128GB),xiaomi,13774,6.0,128.0,6.58,5000.0,helio
Nokia C21 Plus (4GB RAM + 64GB),nokia,8999,4.0,64.0,6.52,5050.0,unisoc
OnePlus Nord N300,oneplus,18990,4.0,64.0,6.56,5000.0,dimensity
Tecno Camon 19 Neo,tecno,14999,6.0,128.0,6.8,5000.0,helio
Realme Narzo 50i Prime,realme,7999,3.0,32.0,6.5,5000.0,tiger
Xiaomi Redmi K50 Ultra 5G,xiaomi,39999,8.0,128.0,6.67,5000.0,snapdragon
OPPO A57 4G,oppo,11990,3.0,64.0,6.56,5000.0,helio
Infinix Note 12 (6GB RAM + 128GB),infinix,12999,6.0,128.0,6.7,5000.0,helio
Samsung Galaxy S23 FE 5G,samsung,54999,8.0,128.0,6.5,4500.0,Unknown
Samsung Galaxy M51s 5G,samsung,24990,6.0,128.0,6.7,6000.0,Unknown
Vivo X80 5G (12GB RAM + 256GB),vivo,59999,12.0,256.0,6.78,4500.0,dimensity
Poco X6 Pro 5G,poco,19999,6.0,128.0,6.67,5000.0,snapdragon
Infinix Note 12 (G96),infinix,16999,8.0,128.0,6.7,5000.0,helio
Samsung Galaxy M14,samsung,14999,4.0,64.0,6.5,6000.0,exynos
Vivo T2 Pro 5G,vivo,29990,8.0,128.0,6.44,4500.0,snapdragon
Xiaomi Redmi 10 Prime Plus 5G,xiaomi,13990,4.0,128.0,6.58,5000.0,dimensity
Xiaomi Redmi Note 11 Pro 4G,xiaomi,17999,6.0,128.0,6.67,5000.0,helio
Realme Narzo 50A Prime,realme,11399,4.0,64.0,6.6,5000.0,tiger
Vivo Y55s 5G,vivo,19990,8.0,128.0,6.58,6000.0,dimensity
Vivo Y21T,vivo,15499,4.0,128.0,6.51,5000.0,snapdragon
Gionee K10,gionee,6999,3.0,32.0,6.8,4800.0,tiger
Xiaomi Redmi Note 10 Lite (4GB RAM + 128GB),xiaomi,12499,4.0,128.0,6.67,5020.0,snapdragon
Apple iPhone 13 (512GB),apple,91999,4.0,512.0,6.1,3240.0,bionic
Infinix Hot 11S,infinix,9690,4.0,64.0,6.78,5000.0,helio
Realme GT Explorer Master Edition,realme,32990,8.0,128.0,6.55,4500.0,snapdragon
Xiaomi Mi 12 5G,xiaomi,42990,8.0,128.0,6.28,4500.0,snapdragon
CAT S22 Flip,cat,14999,2.0,16.0,4.0,2000.0,snapdragon
Xiaomi Mi 11 Lite (8GB RAM + 128GB),xiaomi,18699,8.0,128.0,6.55,4250.0,snapdragon
Realme Q3i 5G,realme,10990,4.0,128.0,6.5,5000.0,dimensity
Xiaomi Mi 11X Pro,xiaomi,30990,8.0,128.0,6.67,4520.0,snapdragon
Lenovo Legion Pro 2,lenovo,59999,16.0,512.0,6.5,5000.0,snapdragon
Samsung Galaxy M62,samsung,23999,6.0,128.0,6.71,7000.0,exynos
Realme Q2i,realme,9999,4.0,128.0,6.5,5000.0,dimensity
Apple iPhone 12 Pro (256GB),apple,119900,6.0,256.0,6.1,5000.0,bionic
Xiaomi Redmi 9i (4GB RAM + 128GB),xiaomi,9299,4.0,128.0,6.53,5000.0,helio
Realme 6 (6GB RAM + 64GB),realme,12989,6.0,64.0,6.5,4300.0,helio
Samsung Galaxy A01 Core,samsung,4999,1.0,16.0,5.3,3000.0,mediatek
Oppo Reno 5,oppo,29990,8.0,128.0,6.43,4300.0,snapdragon
Oppo A31 2020 (6GB RAM + 128GB),oppo,12490,6.0,128.0,6.5,4230.0,helio
Sony Xperia 10 II,sony,27999,4.0,128.0,6.0,3600.0,snapdragon
Vivo Y91c,vivo,8199,2.0,32.0,6.22,4030.0,helio
Huawei Nova 7i,huawei,21990,8.0,128.0,6.4,4200.0,kirin
Vivo Y19,vivo,20000,4.0,128.0,6.53,5000.0,helio
Vivo U3 (6GB RAM + 64GB),vivo,11990,6.0,64.0,6.53,5000.0,snapdragon
Xiaomi Redmi Note 9,xiaomi,11989,4.0,64.0,6.53,5020.0,helio
Xiaomi Redmi 8 (4GB RAM + 64GB),xiaomi,11490,4.0,64.0,6.22,5000.0,snapdragon
Motorola One Macro,motorola,11490,4.0,64.0,6.2,4000.0,helio
Google Pixel 3a XL,google,15999,4.0,64.0,6.0,3700.0,snapdragon
Samsung Galaxy A40,samsung,17990,4.0,64.0,5.9,3100.0,exynos
Samsung Galaxy S10 5G,samsung,78990,8.0,256.0,6.7,4500.0,exynos
Huawei Honor 9N,huawei,10949,4.0,64.0,5.84,3000.0,kirin
Xiaomi Redmi Note 4,xiaomi,10300,4.0,64.0,5.5,4100.0,snapdragon
Doogee V Max,doogee,45999,12.0,256.0,6.58,22000.0,dimensity
Huawei Nova Y61,huawei,21990,4.0,64.0,6.52,5000.0,Unknown
iQOO Z9,iqoo,19990,8.0,128.0,6.67,5000.0,snapdragon
Vivo V29,vivo,32990,8.0,256.0,6.67,5000.0,snapdragon
Poco M5 (6GB RAM + 128GB),poco,14499,6.0,128.0,6.58,5000.0,helio
Nokia X30,nokia,41990,6.0,128.0,6.43,4200.0,snapdragon
Tecno Pova Neo 2,tecno,13990,6.0,128.0,6.82,7000.0,helio
Vivo Y15C (3GB RAM + 64GB),vivo,10490,3.0,64.0,6.51,5000.0,helio
Huawei Nova 10,huawei,29990,8.0,128.0,6.67,4000.0,snapdragon
Huawei Nova Y90,huawei,22990,8.0,128.0,6.7,5000.0,snapdragon
Samsung Galaxy A92 5G,samsung,47990,8.0,128.0,6.7,5000.0,dimensity
Infinix Note 12 VIP,infinix,19999,8.0,128.0,6.7,4500.0,helio
OnePlus Nord 4 5G,oneplus,29999,8.0,128.0,6.43,4500.0,snapdragon
Realme Narzo 50A Prime (4GB RAM + 128GB),realme,11879,4.0,128.0,6.6,5000.0,tiger
OnePlus Ace 5G,oneplus,28990,8.0,128.0,6.7,4500.0,dimensity
iQOO 9 5G (12GB RAM + 256GB),iqoo,39990,12.0,256.0,6.56,4350.0,snapdragon
Xiaomi Redmi Note 12T 5G,xiaomi,15999,6.0,64.0,6.52,5000.0,dimensity
Oppo A96 5G,oppo,22990,8.0,256.0,6.43,4500.0,snapdragon
Royole FlexPai 3 5G,royole,149999,8.0,128.0,7.2,3360.0,snapdragon
Tecno Camon 18,tecno,11499,4.0,128.0,6.8,5000.0,helio
Tecno Phantom X Pro,tecno,22999,8.0,256.0,6.7,5000.0,helio
Tecno Spark 8T,tecno,7999,4.0,64.0,6.6,5000.0,helio
Realme GT Neo2 5G,realme,31999,8.0,128.0,6.62,5000.0,snapdragon
Sony Xperia 10 III Lite 5G,sony,30990,6.0,64.0,6.0,4500.0,snapdragon
Realme G1,realme,7999,3.0,32.0,6.52,6000.0,helio
Tecno Pova 2,tecno,10999,4.0,64.0,6.95,7000.0,helio
Poco X4,poco,14990,6.0,128.0,6.67,5000.0,dimensity
Motorola Moto G40 Fusion,motorola,14499,4.0,64.0,6.78,6000.0,snapdragon
OnePlus 9T,oneplus,44999,8.0,128.0,6.55,4500.0,snapdragon
Realme 8 (8GB RAM + 128GB),realme,17999,8.0,128.0,6.4,5000.0,helio
Realme Narzo 30 Pro 5G (8GB RAM +128GB),realme,19999,8.0,128.0,6.5,5000.0,dimensity
Itel A23 Pro,itel,3999,1.0,8.0,5.0,2400.0,spreadtrum
Samsung Galaxy S21 Ultra 5G (12GB RAM + 128GB),samsung,101999,12.0,128.0,6.8,5000.0,exynos
Oppo Reno 5 Pro 5G,oppo,38700,8.0,128.0,6.53,4350.0,dimensity
OnePlus Nord SE,oneplus,19999,4.0,64.0,6.3,4500.0,snapdragon
Samsung Galaxy M12,samsung,10999,4.0,64.0,6.5,6000.0,exynos
OnePlus Nord N100,oneplus,16990,4.0,64.0,6.52,5000.0,snapdragon
Apple iPhone 12 Mini (256GB),apple,55999,4.0,256.0,5.4,5000.0,bionic
Apple iPhone 12 (256GB),apple,67999,4.0,256.0,6.1,5000.0,bionic
OPPO A15,oppo,9999,3.0,32.0,6.52,4230.0,helio
Xiaomi Redmi Note 9 Pro (4GB RAM + 128GB),xiaomi,14439,4.0,128.0,6.67,5020.0,snapdragon
Oppo A12,oppo,9990,3.0,32.0,6.22,4230.0,helio
Realme X50 Pro 5G (8GB RAM + 128GB),realme,24999,8.0,128.0,6.44,4200.0,snapdragon
Samsung Galaxy S20 Plus 5G,samsung,85990,8.0,128.0,6.7,4500.0,exynos
Xiaomi Redmi K20 Pro Signature Edition,xiaomi,480000,8.0,256.0,6.39,4000.0,snapdragon
Xiaomi Redmi Note 8 Pro,xiaomi,16999,6.0,64.0,6.53,4500.0,helio
Realme A1,realme,8999,2.0,16.0,6.2,4000.0,helio
OPPO A73,oppo,15990,3.0,32.0,6.0,3200.0,helio
Lyf Earth 2,lyf,3890,3.0,32.0,5.0,2500.0,snapdragon
Apple iPhone 15 Plus,apple,84990,8.0,128.0,6.71,4532.0,bionic
Vivo Y55s 2023,vivo,21999,4.0,128.0,6.58,5000.0,dimensity
Lava Blaze NXT,lava,8999,4.0,64.0,6.5,5000.0,helio
Tecno Camon 20 Premier,tecno,20999,6.0,128.0,6.83,5000.0,dimensity
OPPO Reno 8 House of Dragon Edition,oppo,32990,8.0,128.0,6.43,4500.0,dimensity
Motorola Moto E22s,motorola,9022,4.0,64.0,6.5,5000.0,helio
Xiaomi Redmi A1 Plus (3GB RAM + 32GB),xiaomi,8399,3.0,32.0,6.52,5000.0,helio
Infinix Hot 20i,infinix,9999,3.0,64.0,6.6,5000.0,helio
Tecno Spark 9 (3GB RAM + 64GB),tecno,8390,3.0,64.0,6.6,5000.0,helio
ZTE Axon 30S,zte,19999,6.0,128.0,6.9,4200.0,snapdragon
Honor X6,honor,13999,4.0,64.0,6.5,5000.0,helio
Xiaomi Civi 2,xiaomi,29999,8.0,128.0,6.55,4500.0,snapdragon
TCL Ion X,tcl,8990,3.0,32.0,6.0,3000.0,helio
Samsung Galaxy Z Fold 4 (12GB RAM + 1TB),samsung,163980,12.0,1024.0,7.6,4400.0,snapdragon
Nothing Phone 1 Lite,nothing,24990,6.0,128.0,6.55,5000.0,snapdragon
Motorola Moto Edge X30 Pro,motorola,59990,8.0,128.0,6.67,4450.0,snapdragon
OnePlus Ace Pro,oneplus,47990,12.0,256.0,6.7,4800.0,snapdragon
Realme GT 2 Explorer Master Edition,realme,40990,8.0,128.0,6.7,5000.0,snapdragon
Samsung Galaxy M35,samsung,22999,8.0,128.0,6.5,6000.0,Unknown
Samsung Galaxy A05,samsung,12990,4.0,64.0,6.5,5000.0,Unknown
Infinix Note 12 Turbo,infinix,14999,8.0,128.0,6.7,5000.0,helio
POCO F5 GT 5G,poco,42999,8.0,128.0,6.67,4500.0,dimensity
iQOO Z8 5G,iqoo,14999,4.0,128.0,6.58,5000.0,snapdragon
Vivo Y55 4G,vivo,22990,8.0,128.0,6.44,5000.0,snapdragon
Vivo X Fold 5G (12GB RAM + 512GB),vivo,118990,12.0,512.0,8.03,4600.0,snapdragon
Oppo K10 Pro 5G,oppo,29990,8.0,128.0,6.62,5000.0,snapdragon
Tecno Spark 8C,tecno,7399,3.0,64.0,6.6,5000.0,unisoc
iQOO Z7 5G,iqoo,17999,8.0,128.0,6.67,4200.0,snapdragon
Infinix Note 11 (6GB RAM + 128GB),infinix,12799,6.0,128.0,6.7,5000.0,helio
Xiaomi 11i HyperCharge 5G (8GB RAM + 128GB),xiaomi,26999,8.0,128.0,6.67,4500.0,dimensity
Samsung Galaxy F42 5G (8GB RAM + 128GB),samsung,22999,8.0,128.0,6.6,5000.0,dimensity
Apple iPhone 13 Pro (1TB),apple,147900,6.0,1024.0,6.1,3095.0,bionic
Nubia Red Magic 6S 5G,nubia,44999,8.0,128.0,6.8,5050.0,snapdragon
Micromax IN 2B (6GB RAM + 64GB),micromax,7790,6.0,64.0,6.52,5000.0,unisoc
Nokia X60 5G,nokia,39990,6.0,128.0,6.51,6000.0,snapdragon
Vivo Y12a,vivo,9999,3.0,32.0,6.51,5000.0,snapdragon
Oppo Reno 5A,oppo,22990,6.0,128.0,6.5,4000.0,snapdragon
Poco F3 GT,poco,32999,6.0,128.0,6.67,5065.0,dimensity
Honor 50,honor,32990,6.0,128.0,6.57,4300.0,snapdragon
OPPO A54 (6GB RAM + 128GB),oppo,14999,6.0,128.0,6.51,5000.0,helio
Realme 8i,realme,12499,4.0,64.0,6.6,5000.0,helio
iQOO 7 Legend,iqoo,39990,8.0,128.0,6.62,4000.0,snapdragon
Realme C11 2021,realme,6499,2.0,32.0,6.52,5000.0,sc9863a
Samsung Galaxy A22,samsung,18499,6.0,128.0,6.4,5000.0,helio
Realme GT 5G,realme,30994,8.0,128.0,6.43,4500.0,snapdragon
Google Pixel 5A,google,32999,6.0,128.0,6.34,4620.0,snapdragon
Samsung Galaxy F12,samsung,10499,4.0,64.0,6.5,6000.0,exynos
Samsung Galaxy F41 (6GB RAM + 128GB),samsung,19999,6.0,128.0,6.4,6000.0,exynos
Samsung Galaxy A21s (6GB RAM + 128GB),samsung,17499,6.0,128.0,6.5,5000.0,exynos
Xiaomi Redmi 9A (6GB RAM + 128GB),xiaomi,10990,6.0,128.0,6.53,5000.0,helio
Vivo V20 SE,vivo,19000,8.0,128.0,6.44,4100.0,snapdragon
OPPO A53 2020 (6GB RAM + 128GB),oppo,13990,6.0,128.0,6.5,5000.0,snapdragon
Realme Narzo 20,realme,10499,4.0,64.0,6.5,6000.0,helio
itel Vision 1 (3GB RAM + 32GB),itel,5890,3.0,32.0,6.09,4000.0,unisoc
Realme C11,realme,6490,2.0,32.0,6.5,5000.0,helio
Xiaomi Mi 10 5G (8GB RAM + 256GB),xiaomi,54999,8.0,256.0,6.67,4780.0,snapdragon
Vivo Y21 (2020),vivo,9990,4.0,64.0,6.5,5000.0,snapdragon
OnePlus Z,oneplus,24999,8.0,128.0,6.55,4300.0,snapdragon
Sharp Aquos R5G,sharp,59990,12.0,256.0,6.5,3730.0,snapdragon
Huawei Mate 30 RS Porsche Design,huawei,214990,12.0,512.0,6.53,4500.0,kirin
Samsung Galaxy A11,samsung,9990,2.0,32.0,6.4,4000.0,Unknown
Realme C2,realme,6999,2.0,16.0,6.1,4000.0,helio
Huawei Mate X,huawei,169000,8.0,512.0,8.0,4500.0,kirin
Samsung Galaxy A9 Pro (2019),samsung,39990,6.0,128.0,6.4,3400.0,snapdragon
Samsung Galaxy A7 (2018),samsung,21490,4.0,64.0,6.0,3300.0,exynos
Vivo Y55S,vivo,13490,3.0,16.0,5.2,2730.0,snapdragon
Poco C55,poco,7999,4.0,64.0,6.71,5000.0,helio
Blackview BV5200 Pro,blackview,8990,4.0,64.0,6.1,5180.0,helio
Honor X7a,honor,13999,6.0,128.0,6.75,5000.0,helio
OPPO A58x,oppo,13990,6.0,128.0,6.56,5000.0,dimensity
Doogee S99,doogee,14999,8.0,128.0,6.3,6000.0,helio
Lava X3,lava,6999,3.0,32.0,6.5,4000.0,helio
Motorola Edge 40 Fusion,motorola,42990,8.0,128.0,6.67,4500.0,snapdragon
iKall Z18,ikall,6799,4.0,64.0,6.82,5000.0,Unknown
Oukitel WP9,oukitel,25899,6.0,128.0,5.86,8000.0,helio
Xiaomi 14,xiaomi,54999,12.0,256.0,6.43,5000.0,snapdragon
Motorola ThinkPhone,motorola,49990,8.0,128.0,6.6,5000.0,snapdragon
Xiaomi Civi 3,xiaomi,32990,8.0,256.0,6.7,5000.0,dimensity
Realme Narzo 50i Prime (4GB RAM + 64GB),realme,8720,4.0,64.0,6.5,5000.0,tiger
Oppo Find X6,oppo,69990,8.0,256.0,6.73,4700.0,snapdragon
itel A23s,itel,4787,2.0,32.0,5.0,3020.0,spreadtrum
Google Pixel 8 Pro,google,70990,12.0,256.0,6.73,5000.0,google
Vivo X Fold 2,vivo,119990,12.0,256.0,8.03,4800.0,snapdragon
Motorola Moto Edge S30 Pro,motorola,34990,8.0,128.0,6.67,5000.0,snapdragon
Honor X8 5G,honor,14990,6.0,128.0,6.5,5000.0,snapdragon
POCO X4 GT 5G (8GB RAM + 256GB),poco,28990,8.0,256.0,6.6,5080.0,dimensity
Motorola Moto G91 5G,motorola,19990,6.0,128.0,6.8,5000.0,snapdragon
Samsung Galaxy M52s 5G,samsung,24990,8.0,128.0,6.5,5000.0,Unknown
